id,observed_on,taxon_name,common_name,iconic_taxon,place_guess,latitude,longitude,quality_grade,num_identification_agreements,user,url,photo_url
278130265,2024-08-02,Lysimachia nummularia,čerkáč peniažtekový,Plantae,"065 45 Hromoš, Slovensko",49.2342722222,20.8007333333,research,1,Lucie Stárková,https://www.inaturalist.org/observations/278130265?locale=sk,https://inaturalist-open-data.s3.amazonaws.com/photos/499383002/small.jpeg
278130266,2024-08-02,Stellaria graminea,hviezdica trávovitá,Plantae,"065 45 Hromoš, Slovensko",49.2337611111,20.8007277778,needs_id,0,Lucie Stárková,https://www.inaturalist.org/observations/278130266?locale=sk,https://inaturalist-open-data.s3.amazonaws.com/photos/499383011/small.jpeg
233329254,2024-08-02,Tritomegas bicolor,hrabavica dvojfarebná,Insecta,"Blažov, Tichý Potok, PV, SK",49.15028005,20.73319425,research,3,Silvi Karin Tkáčová,https://www.inaturalist.org/observations/233329254?locale=sk,https://static.inaturalist.org/photos/414654054/small.jpeg
278130267,2024-08-02,Picris hieracioides,horčík jastrabníkovitý,Plantae,"065 45 Hromoš, Slovensko",49.2422111111,20.7956833333,research,1,Lucie Stárková,https://www.inaturalist.org/observations/278130267?locale=sk,https://inaturalist-open-data.s3.amazonaws.com/photos/499383091/small.jpeg
233257975,2024-08-02,Decticus verrucivorus,kobylka hryzavá,Insecta,"Tichý Potok 108, 082 74 Tichý Potok, Slovensko",49.1430596333,20.7934948057,research,2,Dávid Vincler,https://www.inaturalist.org/observations/233257975?locale=sk,https://static.inaturalist.org/photos/414524354/small.jpeg
233340491,2024-08-02,Agaricales,,Fungi,"Tichý Potok, Slovensko",49.1393508698,20.756027028,needs_id,1,Vladimir Hemala,https://www.inaturalist.org/observations/233340491?locale=sk,https://inaturalist-open-data.s3.amazonaws.com/photos/414675679/small.jpeg
233340690,2024-08-02,Coleoptera,chrobáky,Insecta,"Tichý Potok, Slovensko",49.1396075026,20.7558131218,needs_id,0,Vladimir Hemala,https://www.inaturalist.org/observations/233340690?locale=sk,https://inaturalist-open-data.s3.amazonaws.com/photos/414676138/small.jpeg
233348436,2024-08-02,Cylindroiulus punctatus,,Animalia,"Tichý Potok, Slovensko",49.1398503155,20.756040439,needs_id,0,Vladimir Hemala,https://www.inaturalist.org/observations/233348436?locale=sk,https://inaturalist-open-data.s3.amazonaws.com/photos/414692449/small.jpeg
233348054,2024-08-02,Polydesmus,,Animalia,"Tichý Potok, Slovensko",49.1396901951,20.7561014593,needs_id,0,Vladimir Hemala,https://www.inaturalist.org/observations/233348054?locale=sk,https://inaturalist-open-data.s3.amazonaws.com/photos/414691595/small.jpeg
233347691,2024-08-02,Trogulus,,Arachnida,"Tichý Potok, Slovensko",49.140612964,20.7558674365,needs_id,1,Vladimir Hemala,https://www.inaturalist.org/observations/233347691?locale=sk,https://inaturalist-open-data.s3.amazonaws.com/photos/414690824/small.jpeg
233347562,2024-08-02,Lithobius,,Animalia,"Tichý Potok, Slovensko",49.1405342212,20.7558429614,needs_id,0,Vladimir Hemala,https://www.inaturalist.org/observations/233347562?locale=sk,https://inaturalist-open-data.s3.amazonaws.com/photos/414690406/small.jpeg
233347324,2024-08-02,Lepidoptera,motýle,Insecta,"Tichý Potok, Slovensko",49.1407031124,20.7558285445,needs_id,0,Vladimir Hemala,https://www.inaturalist.org/observations/233347324?locale=sk,https://inaturalist-open-data.s3.amazonaws.com/photos/414689902/small.jpeg
233347151,2024-08-02,Trochulus hispidus,okruhlienka chlpatá,Mollusca,"Tichý Potok, Slovensko",49.1405737023,20.7557692006,needs_id,0,Vladimir Hemala,https://www.inaturalist.org/observations/233347151?locale=sk,https://inaturalist-open-data.s3.amazonaws.com/photos/414689450/small.jpeg
233347048,2024-08-02,Protracheoniscus politus,,Animalia,"Tichý Potok, Slovensko",49.1405811598,20.7558322325,needs_id,0,Vladimir Hemala,https://www.inaturalist.org/observations/233347048?locale=sk,https://inaturalist-open-data.s3.amazonaws.com/photos/414689123/small.jpeg
233345641,2024-08-02,Nemastoma,,Arachnida,"Tichý Potok, Slovensko",49.1395651692,20.7559442148,needs_id,1,Vladimir Hemala,https://www.inaturalist.org/observations/233345641?locale=sk,https://inaturalist-open-data.s3.amazonaws.com/photos/414686515/small.jpeg
233344828,2024-08-02,Coleoptera,chrobáky,Insecta,"Tichý Potok, Slovensko",49.1420164962,20.7548193634,needs_id,0,Vladimir Hemala,https://www.inaturalist.org/observations/233344828?locale=sk,https://inaturalist-open-data.s3.amazonaws.com/photos/414685138/small.jpeg
233344695,2024-08-02,Carabus glabratus,bystruška hladká,Insecta,"Tichý Potok, Slovensko",49.1424441938,20.7540572807,research,1,Vladimir Hemala,https://www.inaturalist.org/observations/233344695?locale=sk,https://inaturalist-open-data.s3.amazonaws.com/photos/414684813/small.jpeg
233344444,2024-08-02,Geranium robertianum,pakost smradľavý,Plantae,"Tichý Potok, Slovensko",49.1424262087,20.7540800795,research,1,Vladimir Hemala,https://www.inaturalist.org/observations/233344444?locale=sk,https://inaturalist-open-data.s3.amazonaws.com/photos/414684279/small.jpeg
234215416,2024-08-02,Clubiona,,Arachnida,"Tichý Potok, Slovensko",49.1493869028,20.7643162278,needs_id,0,,https://www.inaturalist.org/observations/234215416?locale=sk,https://inaturalist-open-data.s3.amazonaws.com/photos/416337046/small.jpeg
233344275,2024-08-02,Salvia glutinosa,šalvia lepkavá,Plantae,"Tichý Potok, Slovensko",49.1424400265,20.7540901378,research,1,Vladimir Hemala,https://www.inaturalist.org/observations/233344275?locale=sk,https://inaturalist-open-data.s3.amazonaws.com/photos/414683935/small.jpeg
233343982,2024-08-02,Coccothraustes coccothraustes,glezg hrubozobý,Aves,"Tichý Potok, Slovensko",49.1423983536,20.7550054416,research,3,Vladimir Hemala,https://www.inaturalist.org/observations/233343982?locale=sk,https://inaturalist-open-data.s3.amazonaws.com/photos/414683422/small.jpeg
233343712,2024-08-02,Rana temporaria,skokan hnedý,Amphibia,"Tichý Potok, Slovensko",49.144172932,20.7521629706,needs_id,2,Vladimir Hemala,https://www.inaturalist.org/observations/233343712?locale=sk,https://inaturalist-open-data.s3.amazonaws.com/photos/414682697/small.jpeg
343608386,2024-08-02,Vipera berus,vretenica severná,Reptilia,"Tichý Potok, Slovensko",49.1360299722,20.725529,research,3,,https://www.inaturalist.org/observations/343608386?locale=sk,https://static.inaturalist.org/photos/625955531/small.jpg
233343430,2024-08-02,Origanum vulgare,pamajorán obyčajný,Plantae,"Tichý Potok, Slovensko",49.147972347,20.7537401095,research,1,Vladimir Hemala,https://www.inaturalist.org/observations/233343430?locale=sk,https://inaturalist-open-data.s3.amazonaws.com/photos/414682038/small.jpeg
233442264,2024-08-02,Hesperia comma,súmračník bieloškvrnný,Insecta,"Nižné Repaše, Slovensko",49.1072954474,20.7214602773,research,2,,https://www.inaturalist.org/observations/233442264?locale=sk,https://inaturalist-open-data.s3.amazonaws.com/photos/414873598/small.jpeg
233443915,2024-08-02,Mutilla marginata,pamravec horský,Insecta,"Tichý Potok, Slovensko",49.1425607637,20.7824882136,research,3,,https://www.inaturalist.org/observations/233443915?locale=sk,https://inaturalist-open-data.s3.amazonaws.com/photos/414876641/small.jpeg
233342849,2024-08-02,Bombina variegata,kunka žltobruchá,Amphibia,"Tichý Potok, Slovensko",49.1492929944,20.7528281584,research,2,Vladimir Hemala,https://www.inaturalist.org/observations/233342849?locale=sk,https://inaturalist-open-data.s3.amazonaws.com/photos/414680487/small.jpeg
233342246,2024-08-02,Pieris napi,mlynárik repkový,Insecta,"Tichý Potok, Slovensko",49.1493916797,20.7527443394,research,1,Vladimir Hemala,https://www.inaturalist.org/observations/233342246?locale=sk,https://inaturalist-open-data.s3.amazonaws.com/photos/414679163/small.jpeg
233448478,2024-08-02,Mentha longifolia,Mäta dlholistá,Plantae,"Tichý Potok, Slovensko",49.1496186551,20.749425441,research,1,Vladimir Hemala,https://www.inaturalist.org/observations/233448478?locale=sk,https://inaturalist-open-data.s3.amazonaws.com/photos/414885843/small.jpeg
234209978,2024-08-02,Gryllus campestris,svrček poľný,Insecta,"Tichý Potok 81, 082 74 Tichý Potok, Slovensko",49.1468349889,20.7841353222,research,3,,https://www.inaturalist.org/observations/234209978?locale=sk,https://inaturalist-open-data.s3.amazonaws.com/photos/416326126/small.jpeg
233448312,2024-08-02,Chelidonium majus,lastovičník väčší,Plantae,"Tichý Potok 20, 082 74 Tichý Potok, Slovensko",49.1473944705,20.7900713012,research,3,Vladimir Hemala,https://www.inaturalist.org/observations/233448312?locale=sk,https://inaturalist-open-data.s3.amazonaws.com/photos/414885523/small.jpeg
233443384,2024-08-02,Leptoglossus occidentalis,obrubnica americká,Insecta,"Tichý Potok, Slovensko",49.1474014133,20.785918593,research,2,,https://www.inaturalist.org/observations/233443384?locale=sk,https://inaturalist-open-data.s3.amazonaws.com/photos/414875638/small.jpeg
233342031,2024-08-02,Armadillidium vulgare,Zvínavka obyčajná,Animalia,"Tichý Potok 72, 082 74 Tichý Potok, Slovensko",49.1474190331,20.7859142125,needs_id,0,Vladimir Hemala,https://www.inaturalist.org/observations/233342031?locale=sk,https://inaturalist-open-data.s3.amazonaws.com/photos/414678796/small.jpeg
233341827,2024-08-02,Patania ruralis,vijačka žihľavová,Insecta,"Tichý Potok 72, 082 74 Tichý Potok, Slovensko",49.1474153048,20.7859182358,research,1,Vladimir Hemala,https://www.inaturalist.org/observations/233341827?locale=sk,https://inaturalist-open-data.s3.amazonaws.com/photos/414678474/small.jpeg
233341005,2024-08-02,Scopula immorata,piadica kockovaná,Insecta,"Tichý Potok 72, 082 74 Tichý Potok, Slovensko",49.1474174979,20.7859115303,research,1,Vladimir Hemala,https://www.inaturalist.org/observations/233341005?locale=sk,https://inaturalist-open-data.s3.amazonaws.com/photos/414676851/small.jpeg
233227678,2024-08-02,Cydalima perspectalis,vijačka krušpánová,Insecta,"Tichý Potok 100, 082 74 Tichý Potok, Slovensko",49.1434359995,20.7929509878,research,2,Benjamín Jarčuška,https://www.inaturalist.org/observations/233227678?locale=sk,https://static.inaturalist.org/photos/414466178/small.jpeg
233227584,2024-08-02,Arion vulgaris,slizovec iberský,Mollusca,"Tichý Potok 108, 082 74 Tichý Potok, Slovensko",49.1434776715,20.7930817455,research,1,Benjamín Jarčuška,https://www.inaturalist.org/observations/233227584?locale=sk,https://static.inaturalist.org/photos/414465810/small.jpeg
233809597,2024-08-02,Arion vulgaris,slizovec iberský,Mollusca,"082 74, Slovensko",49.1417230277,20.7957817242,needs_id,1,Vladimir Hemala,https://www.inaturalist.org/observations/233809597?locale=sk,https://inaturalist-open-data.s3.amazonaws.com/photos/415565180/small.jpeg
233809105,2024-08-02,Dugesia gonocephala,ploskuľa hranatohlavá,Animalia,"Tichý Potok 108, 082 74 Tichý Potok, Slovensko",49.1420884374,20.7950276881,research,1,Vladimir Hemala,https://www.inaturalist.org/observations/233809105?locale=sk,https://inaturalist-open-data.s3.amazonaws.com/photos/415563849/small.jpeg
233808654,2024-08-02,Limax maximus,slizniak veľký,Mollusca,"Tichý Potok 108, 082 74 Tichý Potok, Slovensko",49.1427824013,20.7938267291,research,1,Vladimir Hemala,https://www.inaturalist.org/observations/233808654?locale=sk,https://inaturalist-open-data.s3.amazonaws.com/photos/415562970/small.jpeg
233329313,2024-08-01,Argiope bruennichi,križiak pásavý,Arachnida,"Blažov, Tichý Potok, PV, SK",49.15028005,20.73319425,research,1,Silvi Karin Tkáčová,https://www.inaturalist.org/observations/233329313?locale=sk,https://static.inaturalist.org/photos/414654271/small.jpeg
234210294,2024-08-01,Argiope bruennichi,križiak pásavý,Arachnida,"Tichý Potok 108, 082 74 Tichý Potok, Slovensko",49.1425526333,20.7946130361,research,1,,https://www.inaturalist.org/observations/234210294?locale=sk,https://inaturalist-open-data.s3.amazonaws.com/photos/416326905/small.jpeg
233810839,2024-08-01,Hibiscus syriacus,ibištek krovitý,Plantae,"082 71 Lipany, Slovensko",49.1559724483,20.9505160153,casual,0,Vladimir Hemala,https://www.inaturalist.org/observations/233810839?locale=sk,https://inaturalist-open-data.s3.amazonaws.com/photos/415567459/small.jpeg
233810386,2024-08-01,Plantago major,skorocel väčší,Plantae,"082 71 Lipany, Slovensko",49.1559744217,20.9505321085,research,1,Vladimir Hemala,https://www.inaturalist.org/observations/233810386?locale=sk,https://inaturalist-open-data.s3.amazonaws.com/photos/415566856/small.jpeg
233817324,2024-08-01,Noctuoidea,,Insecta,"082 71 Lipany, Slovensko",49.1461930798,20.9766729176,needs_id,0,Vladimir Hemala,https://www.inaturalist.org/observations/233817324?locale=sk,https://inaturalist-open-data.s3.amazonaws.com/photos/415579304/small.jpeg
233816752,2024-08-01,Cucullia lucifuga,mora mrkvová,Insecta,"082 71 Lipany, Slovensko",49.1462097477,20.97663939,research,3,Vladimir Hemala,https://www.inaturalist.org/observations/233816752?locale=sk,https://inaturalist-open-data.s3.amazonaws.com/photos/415578333/small.jpeg
233816504,2024-08-01,Paulownia tomentosa,paulovnia plstnatá,Plantae,"Lipany, 08271, 082 71 Lipany, Slovensko",49.1466459623,20.9698627889,casual,0,Vladimir Hemala,https://www.inaturalist.org/observations/233816504?locale=sk,https://inaturalist-open-data.s3.amazonaws.com/photos/415577905/small.jpeg
233816154,2024-08-01,Pyrrhocoris apterus,Cifruša Bezkrídla,Insecta,"082 71 Lipany, Slovensko",49.1482940689,20.9675420076,research,1,Vladimir Hemala,https://www.inaturalist.org/observations/233816154?locale=sk,https://inaturalist-open-data.s3.amazonaws.com/photos/415577230/small.jpeg
233317048,2024-08-01,Argiope bruennichi,križiak pásavý,Arachnida,"Cesta 3193, Tichý Potok, PV, SK",49.1427428929,20.7945874561,research,1,Frederika Mišlenská,https://www.inaturalist.org/observations/233317048?locale=sk,https://static.inaturalist.org/photos/414631384/small.jpeg
233329480,2024-08-01,Anguis,,Reptilia,"Blažov, Tichý Potok, PV, SK",49.15028005,20.73319425,needs_id,2,Silvi Karin Tkáčová,https://www.inaturalist.org/observations/233329480?locale=sk,https://static.inaturalist.org/photos/414654606/small.jpeg
233289704,2024-08-01,Anguis colchica,slepúch východný,Reptilia,"Tichý Potok, Slovensko",49.1616266667,20.70136,research,1,Andrej Riška,https://www.inaturalist.org/observations/233289704?locale=sk,https://static.inaturalist.org/photos/414580759/small.jpeg
233221432,2024-08-01,Prionus coriarius,Fuzáč hrubý,Insecta,"Tichý Potok 86, 082 74 Tichý Potok, Slovensko",49.1465055556,20.7877361111,research,1,Benjamín Jarčuška,https://www.inaturalist.org/observations/233221432?locale=sk,https://static.inaturalist.org/photos/414453633/small.jpeg
233270506,2024-08-01,Phlogophora meticulosa,sivkavec mramorovaný,Insecta,"Tichý Potok, Slovensko",49.1673883333,20.7028833333,research,3,Branislav Tej,https://www.inaturalist.org/observations/233270506?locale=sk,https://inaturalist-open-data.s3.amazonaws.com/photos/414546561/small.jpeg
233221421,2024-08-01,Nymphalis antiopa,babôčka osiková,Insecta,"Tichý Potok, Slovensko",49.1629,20.8056194444,research,3,Benjamín Jarčuška,https://www.inaturalist.org/observations/233221421?locale=sk,https://static.inaturalist.org/photos/414453595/small.jpeg
233221135,2024-08-01,Tenthredo amoena,,Insecta,"Tichý Potok, Slovensko",49.1628805556,20.8055111111,research,1,Benjamín Jarčuška,https://www.inaturalist.org/observations/233221135?locale=sk,https://static.inaturalist.org/photos/414453158/small.jpeg
233221500,2024-08-01,Bombus terrestris,čmeľ zemný,Insecta,"Tichý Potok, Slovensko",49.1630888889,20.8055861111,needs_id,0,Benjamín Jarčuška,https://www.inaturalist.org/observations/233221500?locale=sk,https://static.inaturalist.org/photos/414453768/small.jpeg
233221257,2024-08-01,Pinus nigra,borovica čierna,Plantae,"Tichý Potok, Slovensko",49.1621583333,20.8068277778,research,1,Benjamín Jarčuška,https://www.inaturalist.org/observations/233221257?locale=sk,https://static.inaturalist.org/photos/414453428/small.jpeg
234210407,2024-08-01,Gryllus campestris,svrček poľný,Insecta,"065 48 Kyjov, Slovensko",49.2310669556,20.9270362917,research,2,,https://www.inaturalist.org/observations/234210407?locale=sk,https://inaturalist-open-data.s3.amazonaws.com/photos/416327170/small.jpeg
234210534,2024-08-01,Callimorpha,,Insecta,"065 48 Kyjov, Slovensko",49.2310526639,20.927072,needs_id,0,,https://www.inaturalist.org/observations/234210534?locale=sk,https://inaturalist-open-data.s3.amazonaws.com/photos/416327564/small.jpeg
234210670,2024-08-01,Zygaena,vretienka,Insecta,"065 48 Kyjov, Slovensko",49.2310678361,20.92705465,needs_id,0,,https://www.inaturalist.org/observations/234210670?locale=sk,https://inaturalist-open-data.s3.amazonaws.com/photos/416327887/small.jpeg
233269985,2024-08-01,Dianthus superbus,klinček pyšný,Plantae,"Tichý Potok, Slovensko",49.1624076426,20.6976299733,research,1,Branislav Tej,https://www.inaturalist.org/observations/233269985?locale=sk,https://inaturalist-open-data.s3.amazonaws.com/photos/414545943/small.jpeg
234210769,2024-08-01,Polygonatum odoratum,Kokorík voňavý,Plantae,"065 48 Kyjov, Slovensko",49.2307242997,20.927831,research,1,,https://www.inaturalist.org/observations/234210769?locale=sk,https://inaturalist-open-data.s3.amazonaws.com/photos/416328168/small.jpeg
234211151,2024-08-01,Orobanche,záraza,Plantae,"065 48 Kyjov, Slovensko",49.2307242997,20.927831,research,1,,https://www.inaturalist.org/observations/234211151?locale=sk,https://inaturalist-open-data.s3.amazonaws.com/photos/416328766/small.jpeg
234211328,2024-08-01,Phaneroptera falcata,Kobylka krovinová,Insecta,"065 48 Kyjov, Slovensko",49.230648825,20.9279736417,research,2,,https://www.inaturalist.org/observations/234211328?locale=sk,https://inaturalist-open-data.s3.amazonaws.com/photos/416329102/small.jpeg
234211443,2024-08-01,Linum flavum,ľan žltý,Plantae,"065 48 Kyjov, Slovensko",49.2306655,20.927951,research,1,,https://www.inaturalist.org/observations/234211443?locale=sk,https://inaturalist-open-data.s3.amazonaws.com/photos/416329413/small.jpeg
233269854,2024-08-01,Dianthus superbus,klinček pyšný,Plantae,"Tichý Potok, Slovensko",49.1624981898,20.6973198429,research,1,Branislav Tej,https://www.inaturalist.org/observations/233269854?locale=sk,https://inaturalist-open-data.s3.amazonaws.com/photos/414545719/small.jpeg
233269544,2024-08-01,Viola tricolor,fialka trojfarebná,Plantae,"Tichý Potok, Slovensko",49.1625095904,20.698165074,research,1,Branislav Tej,https://www.inaturalist.org/observations/233269544?locale=sk,https://inaturalist-open-data.s3.amazonaws.com/photos/414545393/small.jpeg
233269460,2024-08-01,Digitalis grandiflora,náprstník veľkokvetý,Plantae,"Tichý Potok, Slovensko",49.1624837198,20.6981563568,research,1,Branislav Tej,https://www.inaturalist.org/observations/233269460?locale=sk,https://inaturalist-open-data.s3.amazonaws.com/photos/414545254/small.jpeg
233269330,2024-08-01,Melanargia galathea,Očkáň timotejkový,Insecta,"Tichý Potok, Slovensko",49.1625554121,20.6981878728,research,1,Branislav Tej,https://www.inaturalist.org/observations/233269330?locale=sk,https://inaturalist-open-data.s3.amazonaws.com/photos/414545060/small.jpeg
233331918,2024-08-01,Vanessa atalanta,babôčka admirálska,Insecta,"Blažov, Tichý Potok, PV, SK",49.15028005,20.73319425,research,1,Silvi Karin Tkáčová,https://www.inaturalist.org/observations/233331918?locale=sk,https://static.inaturalist.org/photos/414659447/small.jpeg
233077760,2024-08-01,Abrostola triplasia,mora čiernočierna,Insecta,"Kyjov 283, 065 48 Kyjov, Slovensko",49.221591693,20.9341726452,research,1,Vladimir Hemala,https://www.inaturalist.org/observations/233077760?locale=sk,https://inaturalist-open-data.s3.amazonaws.com/photos/414177615/small.jpeg
233221473,2024-08-01,Lophiolepis eriophora,pichliač belohlavý,Plantae,"082 74, Slovensko",49.1538583333,20.8056027778,research,1,Benjamín Jarčuška,https://www.inaturalist.org/observations/233221473?locale=sk,https://static.inaturalist.org/photos/414453735/small.jpeg
233329399,2024-08-01,Pieris napi,mlynárik repkový,Insecta,"Blažov, Tichý Potok, PV, SK",49.15028005,20.73319425,research,1,Silvi Karin Tkáčová,https://www.inaturalist.org/observations/233329399?locale=sk,https://static.inaturalist.org/photos/414654434/small.jpeg
233084959,2024-08-01,Melampyrum arvense,čermeľ roľný,Plantae,"Jakubova Voľa, PV, SK",49.128425,21.0113666667,research,1,Fay Sushi,https://www.inaturalist.org/observations/233084959?locale=sk,https://static.inaturalist.org/photos/414190651/small.jpeg
233127387,2024-08-01,Life,Život,,Ciernohuzec,49.165,20.699722,needs_id,0,Martin Hromada,https://www.inaturalist.org/observations/233127387?locale=sk,https://static.inaturalist.org/photos/414537003/small.jpeg
233085094,2024-08-01,Campanula rapunculoides,Zvonček repkovitý,Plantae,"Jakubova Voľa, PV, SK",49.1247888333,21.0067527833,research,1,Fay Sushi,https://www.inaturalist.org/observations/233085094?locale=sk,https://static.inaturalist.org/photos/414190989/small.jpeg
233063233,2024-08-01,Cota,,Plantae,"082 71 Камениця, Словаччина",49.1950854,20.97341144,needs_id,0,Натали Зайковская,https://www.inaturalist.org/observations/233063233?locale=sk,https://static.inaturalist.org/photos/414150501/small.jpeg
233227456,2024-08-01,Monotropa hypopitys,hniliak smrekový,Plantae,"082 74, Slovensko",49.1505972222,20.80285,research,1,Benjamín Jarčuška,https://www.inaturalist.org/observations/233227456?locale=sk,https://static.inaturalist.org/photos/414465480/small.jpeg
233085242,2024-08-01,Tanacetum vulgare,vratič obyčajný,Plantae,"Jakubova Voľa, PV, SK",49.1226833333,21.00505,research,1,Fay Sushi,https://www.inaturalist.org/observations/233085242?locale=sk,https://static.inaturalist.org/photos/414191252/small.jpeg
233269179,2024-08-01,Dianthus carthusianorum,klinček kartuziánsky,Plantae,"Tichý Potok, Slovensko",49.1561551009,20.7099734992,research,1,Branislav Tej,https://www.inaturalist.org/observations/233269179?locale=sk,https://inaturalist-open-data.s3.amazonaws.com/photos/414544853/small.jpeg
233331147,2024-08-01,Zootoca vivipara,jašterica živorodá,Reptilia,"Blažov, Tichý Potok, PV, SK",49.15028005,20.73319425,research,4,Silvi Karin Tkáčová,https://www.inaturalist.org/observations/233331147?locale=sk,https://static.inaturalist.org/photos/414657763/small.jpeg
233085774,2024-08-01,Dipsacus laciniatus,štetka laločnatá,Plantae,"Jakubova Voľa, PV, SK",49.1238416667,21.0058527833,research,1,Fay Sushi,https://www.inaturalist.org/observations/233085774?locale=sk,https://static.inaturalist.org/photos/414192456/small.jpeg
233329699,2024-08-01,Pseudochorthippus parallelus,koník dlhotykadlový,Insecta,"Blažov, Tichý Potok, PV, SK",49.15028005,20.73319425,research,2,Silvi Karin Tkáčová,https://www.inaturalist.org/observations/233329699?locale=sk,https://static.inaturalist.org/photos/414655113/small.jpeg
233815790,2024-08-01,Arion,slizovec,Mollusca,"Kyjov 270, 065 48 Kyjov, Slovensko",49.2234278118,20.9337119758,needs_id,0,Vladimir Hemala,https://www.inaturalist.org/observations/233815790?locale=sk,https://inaturalist-open-data.s3.amazonaws.com/photos/415576552/small.jpeg
233815613,2024-08-01,Gastropoda,Ulitníky,Mollusca,"Kyjov 270, 065 48 Kyjov, Slovensko",49.2234280308,20.9337213635,needs_id,2,Vladimir Hemala,https://www.inaturalist.org/observations/233815613?locale=sk,https://inaturalist-open-data.s3.amazonaws.com/photos/415576213/small.jpeg
233078143,2024-08-01,Fruticicola fruticum,bucuľka hájová,Mollusca,"Kyjov 270, 065 48 Kyjov, Slovensko",49.2235648884,20.9339510277,research,2,Vladimir Hemala,https://www.inaturalist.org/observations/233078143?locale=sk,https://inaturalist-open-data.s3.amazonaws.com/photos/414178504/small.jpeg
233077940,2024-08-01,Aglais io,babôčka pávooká,Insecta,"Kyjov 270, 065 48 Kyjov, Slovensko",49.2235372979,20.9338219464,research,2,Vladimir Hemala,https://www.inaturalist.org/observations/233077940?locale=sk,https://inaturalist-open-data.s3.amazonaws.com/photos/414178017/small.jpeg
233814300,2024-08-01,Cirsium oleraceum,pichliač zelinový,Plantae,"Kyjov 270, 065 48 Kyjov, Slovensko",49.2235397066,20.9339144826,research,1,Vladimir Hemala,https://www.inaturalist.org/observations/233814300?locale=sk,https://inaturalist-open-data.s3.amazonaws.com/photos/415574322/small.jpeg
233078277,2024-08-01,Oxythyrea funesta,Zlatoň tmavý,Insecta,"Kyjov 270, 065 48 Kyjov, Slovensko",49.2235554726,20.9339540452,research,1,Vladimir Hemala,https://www.inaturalist.org/observations/233078277?locale=sk,https://inaturalist-open-data.s3.amazonaws.com/photos/414178778/small.jpeg
233813676,2024-08-01,Eristalis tenax,trúdovka obyčajná,Insecta,"Kyjov 270, 065 48 Kyjov, Slovensko",49.2236152519,20.9339047596,research,1,Vladimir Hemala,https://www.inaturalist.org/observations/233813676?locale=sk,https://inaturalist-open-data.s3.amazonaws.com/photos/415573169/small.jpeg
233086112,2024-08-01,Medicago falcata,lucerna kosákovitá,Plantae,"Jakubova Voľa, PV, SK",49.1268528333,21.00895555,needs_id,0,Fay Sushi,https://www.inaturalist.org/observations/233086112?locale=sk,https://static.inaturalist.org/photos/414193173/small.jpeg
233813280,2024-08-01,Symphytum officinale,kostihoj lekársky,Plantae,"Kyjov 270, 065 48 Kyjov, Slovensko",49.2235250355,20.9339154884,research,1,Vladimir Hemala,https://www.inaturalist.org/observations/233813280?locale=sk,https://inaturalist-open-data.s3.amazonaws.com/photos/415572385/small.jpeg
233812708,2024-08-01,Lactuca serriola,šalát kompasový,Plantae,"Kyjov 270, 065 48 Kyjov, Slovensko",49.2235412394,20.9338873252,research,2,Vladimir Hemala,https://www.inaturalist.org/observations/233812708?locale=sk,https://inaturalist-open-data.s3.amazonaws.com/photos/415570888/small.jpeg
233077394,2024-08-01,Bombina variegata variegata,,Amphibia,"Kyjov 270, 065 48 Kyjov, Slovensko",49.2236106535,20.9338175878,research,2,Vladimir Hemala,https://www.inaturalist.org/observations/233077394?locale=sk,https://inaturalist-open-data.s3.amazonaws.com/photos/414176905/small.jpeg
233081987,2024-08-01,Chrysolina herbacea,,Insecta,"Tichý Potok, PV, SK",49.1503589509,20.776937281,needs_id,0,Emilia Gajdosova,https://www.inaturalist.org/observations/233081987?locale=sk,https://static.inaturalist.org/photos/414184994/small.jpeg
233268967,2024-08-01,Cladonia,dutohlávka,Fungi,"Tichý Potok, Slovensko",49.1530966667,20.71135,needs_id,1,Branislav Tej,https://www.inaturalist.org/observations/233268967?locale=sk,https://inaturalist-open-data.s3.amazonaws.com/photos/414544626/small.jpeg
233811726,2024-08-01,Roeseliana roeselii,kobylôčka lúčna,Insecta,"065 48 Šarišské Jastrabie, Slovensko",49.2354582308,20.919533819,research,3,Vladimir Hemala,https://www.inaturalist.org/observations/233811726?locale=sk,https://inaturalist-open-data.s3.amazonaws.com/photos/415569001/small.jpeg
233174539,2024-08-01,Phalera bucephala,faléra lipová,Insecta,"Tichý Potok 86, 082 74 Tichý Potok, Slovensko",49.1465055556,20.7877361111,research,2,Benjamín Jarčuška,https://www.inaturalist.org/observations/233174539?locale=sk,https://static.inaturalist.org/photos/414361272/small.jpeg
233330123,2024-08-01,Camponotus herculeanus,mravec horský,Insecta,"Blažov, Tichý Potok, PV, SK",49.15028005,20.73319425,research,1,Silvi Karin Tkáčová,https://www.inaturalist.org/observations/233330123?locale=sk,https://static.inaturalist.org/photos/414655855/small.jpeg
233811181,2024-08-01,Libanotis pyrenaica,sezel pyrenejský,Plantae,"065 48 Šarišské Jastrabie, Slovensko",49.235886435,20.9190640971,research,0,Vladimir Hemala,https://www.inaturalist.org/observations/233811181?locale=sk,https://inaturalist-open-data.s3.amazonaws.com/photos/415567935/small.jpeg
233651881,2024-08-01,Vincetoxicum hirundinaria,luskáč lekársky,Plantae,"065 48 Šarišské Jastrabie, Slovensko",49.2358660756,20.9190657735,research,1,Vladimir Hemala,https://www.inaturalist.org/observations/233651881?locale=sk,https://inaturalist-open-data.s3.amazonaws.com/photos/415268682/small.jpeg
233598816,2024-08-01,Gryllus campestris,svrček poľný,Insecta,"065 48 Šarišské Jastrabie, Slovensko",49.2358634486,20.919156298,research,2,Vladimir Hemala,https://www.inaturalist.org/observations/233598816?locale=sk,https://inaturalist-open-data.s3.amazonaws.com/photos/415162950/small.jpeg
233598588,2024-08-01,Sempervivum globiferum preissianum,skalničník guľkovitý tatranský,Plantae,"065 48 Šarišské Jastrabie, Slovensko",49.2358700162,20.9191633388,research,2,Vladimir Hemala,https://www.inaturalist.org/observations/233598588?locale=sk,https://inaturalist-open-data.s3.amazonaws.com/photos/415162602/small.jpeg
233063217,2024-08-01,Euphrasia,očianka,Plantae,"053 73 Вишній Славков, Словаччина",49.06204086,20.85382273,needs_id,0,Натали Зайковская,https://www.inaturalist.org/observations/233063217?locale=sk,https://static.inaturalist.org/photos/414150476/small.jpeg
233598206,2024-08-01,Dianthus carthusianorum,klinček kartuziánsky,Plantae,"065 48 Šarišské Jastrabie, Slovensko",49.2359004457,20.919103995,research,1,Vladimir Hemala,https://www.inaturalist.org/observations/233598206?locale=sk,https://inaturalist-open-data.s3.amazonaws.com/photos/415161961/small.jpeg
233597775,2024-08-01,Scabiosa ochroleuca,hlaváč žltkastý,Plantae,"065 48 Šarišské Jastrabie, Slovensko",49.2358914701,20.919078514,research,1,Vladimir Hemala,https://www.inaturalist.org/observations/233597775?locale=sk,https://inaturalist-open-data.s3.amazonaws.com/photos/415161076/small.jpeg
233458936,2024-08-01,Salvia verticillata,šalvia praslenatá,Plantae,"065 48 Šarišské Jastrabie, Slovensko",49.2358938781,20.9190543741,research,1,Vladimir Hemala,https://www.inaturalist.org/observations/233458936?locale=sk,https://inaturalist-open-data.s3.amazonaws.com/photos/414903215/small.jpeg
233458548,2024-08-01,Potentilla,nátržník,Plantae,"065 48 Šarišské Jastrabie, Slovensko",49.2358894998,20.9190731496,needs_id,0,Vladimir Hemala,https://www.inaturalist.org/observations/233458548?locale=sk,https://inaturalist-open-data.s3.amazonaws.com/photos/414902410/small.jpeg
233330418,2024-08-01,Pararge aegeria,očkáň pýrový,Insecta,"Blažov, Tichý Potok, PV, SK",49.15028005,20.73319425,research,1,Silvi Karin Tkáčová,https://www.inaturalist.org/observations/233330418?locale=sk,https://static.inaturalist.org/photos/414656464/small.jpeg
233057913,2024-08-01,Chorthippus pullus,koník štrkoviskový,Insecta,"Tichý Potok, Slovensko",49.1495666667,20.7536722222,research,1,Benjamín Jarčuška,https://www.inaturalist.org/observations/233057913?locale=sk,https://static.inaturalist.org/photos/414140735/small.jpeg
234211570,2024-08-01,Aglais io,babôčka pávooká,Insecta,"065 48 Šarišské Jastrabie, Slovensko",49.2336519333,20.9222244111,research,2,,https://www.inaturalist.org/observations/234211570?locale=sk,https://inaturalist-open-data.s3.amazonaws.com/photos/416329742/small.jpeg
233329848,2024-08-01,Bombina variegata variegata,,Amphibia,"Blažov, Tichý Potok, PV, SK",49.15028005,20.73319425,research,2,Silvi Karin Tkáčová,https://www.inaturalist.org/observations/233329848?locale=sk,https://static.inaturalist.org/photos/414655430/small.jpeg
234211674,2024-08-01,Araneus quadratus,križiak štvorškvrnný,Arachnida,"065 48 Šarišské Jastrabie, Slovensko",49.2334950997,20.9223144997,needs_id,0,,https://www.inaturalist.org/observations/234211674?locale=sk,https://inaturalist-open-data.s3.amazonaws.com/photos/416330046/small.jpeg
233457332,2024-08-01,Papilio machaon,vidlochvost feniklový,Insecta,"065 48 Šarišské Jastrabie, Slovensko",49.2349172785,20.9193024784,research,4,Vladimir Hemala,https://www.inaturalist.org/observations/233457332?locale=sk,https://inaturalist-open-data.s3.amazonaws.com/photos/414900693/small.jpeg
233455569,2024-08-01,Aglais io,babôčka pávooká,Insecta,"065 48 Šarišské Jastrabie, Slovensko",49.2339474462,20.9203116596,research,2,Vladimir Hemala,https://www.inaturalist.org/observations/233455569?locale=sk,https://inaturalist-open-data.s3.amazonaws.com/photos/414897440/small.jpeg
233349318,2024-08-01,Cichorium intybus,čakanka obyčajná,Plantae,"065 48 Šarišské Jastrabie, Slovensko",49.2334517954,20.9211562201,research,1,Vladimir Hemala,https://www.inaturalist.org/observations/233349318?locale=sk,https://inaturalist-open-data.s3.amazonaws.com/photos/414694610/small.jpeg
233330002,2024-08-01,Spilosoma,spriadač,Insecta,"Blažov, Tichý Potok, PV, SK",49.15028005,20.73319425,needs_id,2,Silvi Karin Tkáčová,https://www.inaturalist.org/observations/233330002?locale=sk,https://static.inaturalist.org/photos/414655662/small.jpeg
233099641,2024-08-01,Phragmatobia fuliginosa,spriadač štiavcový,Insecta,"Tichý Potok, Slovensko",49.1507868493,20.6890995428,needs_id,0,Martin Hromada,https://www.inaturalist.org/observations/233099641?locale=sk,https://static.inaturalist.org/photos/414219088/small.jpeg
233520360,2024-08-01,Natrix natrix,užovka obojková,Reptilia,"Tichý Potok, Slovensko",49.1521569,20.7715260997,research,2,Stanislav Greš,https://www.inaturalist.org/observations/233520360?locale=sk,https://static.inaturalist.org/photos/415013358/small.jpeg
233520872,2024-08-01,Motacilla cinerea,trasochvost horský,Aves,"082 74, Slovensko",49.1414242997,20.7960262,research,1,Stanislav Greš,https://www.inaturalist.org/observations/233520872?locale=sk,https://static.inaturalist.org/photos/415014232/small.jpeg
234211895,2024-08-01,Alcedo atthis,rybárik riečny,Aves,"Tichý Potok 108, 082 74 Tichý Potok, Slovensko",49.1431459,20.7934115997,research,1,,https://www.inaturalist.org/observations/234211895?locale=sk,https://inaturalist-open-data.s3.amazonaws.com/photos/416330398/small.jpeg
233519971,2024-08-01,Nyctalus noctula,netopier hrdzavý,Mammalia,"Tichý Potok 108, 082 74 Tichý Potok, Slovensko",49.1427175997,20.7934595,research,3,Stanislav Greš,https://www.inaturalist.org/observations/233519971?locale=sk,https://static.inaturalist.org/photos/415012487/small.jpeg
233030611,2024-08-01,Solidago canadensis,zlatobyľ kanadská,Plantae,"082 74, Slovensko",49.1418722222,20.7958805556,research,2,Benjamín Jarčuška,https://www.inaturalist.org/observations/233030611?locale=sk,https://static.inaturalist.org/photos/414086572/small.jpeg
233174561,2024-08-01,Euplagia quadripunctaria,spriadač kostihojový,Insecta,"Tichý Potok, Slovensko",49.1616260359,20.804755725,research,4,Benjamín Jarčuška,https://www.inaturalist.org/observations/233174561?locale=sk,https://static.inaturalist.org/photos/414361312/small.jpeg
233469213,2024-07-31,Saperda carcharias,vrzúnik topoľový,Insecta,"053 06 Ordzovany, Slovensko",49.0421723644,20.7866786947,research,1,,https://www.inaturalist.org/observations/233469213?locale=sk,https://inaturalist-open-data.s3.amazonaws.com/photos/414921903/small.jpeg
233520084,2024-07-31,Cnephaeus nilssonii,Večernica severská,Mammalia,"082 74, Slovensko",49.1402531997,20.7985517997,research,1,Stanislav Greš,https://www.inaturalist.org/observations/233520084?locale=sk,https://static.inaturalist.org/photos/415012756/small.jpeg
233520523,2024-07-31,Vulpes vulpes,líška hrdzavá,Mammalia,"082 74, Slovensko",49.1403478,20.7985196997,research,2,Stanislav Greš,https://www.inaturalist.org/observations/233520523?locale=sk,https://static.inaturalist.org/photos/415013604/small.jpeg
233520214,2024-07-31,Myotis daubentonii,Netopier vodný,Mammalia,"082 74, Slovensko",49.1405231,20.7985173,research,3,Stanislav Greš,https://www.inaturalist.org/observations/233520214?locale=sk,https://static.inaturalist.org/photos/415013100/small.jpeg
232945599,2024-07-31,Oenothera biennis,pupalka dvojročná,Plantae,"Blažov, Tichý Potok, PV, SK",49.15028005,20.73319425,needs_id,0,Ludka Reiterova,https://www.inaturalist.org/observations/232945599?locale=sk,https://inaturalist-open-data.s3.amazonaws.com/photos/413921478/small.jpeg
233458384,2024-07-31,Rhus typhina,sumach pálkový,Plantae,"Tichý Potok 101, 082 74 Tichý Potok, Slovensko",49.1468411501,20.7904994488,research,2,Vladimir Hemala,https://www.inaturalist.org/observations/233458384?locale=sk,https://inaturalist-open-data.s3.amazonaws.com/photos/414902131/small.jpeg
233330507,2024-07-31,Aglais io,babôčka pávooká,Insecta,"Blažov, Tichý Potok, PV, SK",49.15028005,20.73319425,research,2,Silvi Karin Tkáčová,https://www.inaturalist.org/observations/233330507?locale=sk,https://static.inaturalist.org/photos/414656647/small.jpeg
233046852,2024-07-31,Gonocerus acuteangulatus,,Insecta,"Tichý Potok 108, 082 74 Tichý Potok, Slovensko",49.1423034444,20.7954864444,research,2,Martin Tribus,https://www.inaturalist.org/observations/233046852?locale=sk,https://static.inaturalist.org/photos/414120843/small.jpeg
233077196,2024-07-31,Geotrupini,,Insecta,"Tichý Potok 108, 082 74 Tichý Potok, Slovensko",49.1432390436,20.7936983183,needs_id,2,Vladimir Hemala,https://www.inaturalist.org/observations/233077196?locale=sk,https://inaturalist-open-data.s3.amazonaws.com/photos/414176523/small.jpeg
232913182,2024-07-31,Fringilla coelebs,pinka obyčajná,Aves,"Cesta 3216, Nižný Slavkov, PV, SK",49.0818790952,20.8442065772,research,1,Dali Fusek,https://www.inaturalist.org/observations/232913182?locale=sk,https://static.inaturalist.org/photos/413914786/small.jpeg
233046928,2024-07-31,Apatura iris,dúhovec väčší,Insecta,"082 74, Slovensko",49.1455688333,20.7996635278,research,3,Martin Tribus,https://www.inaturalist.org/observations/233046928?locale=sk,https://static.inaturalist.org/photos/414121008/small.jpeg
234212194,2024-07-31,Rana,,Amphibia,"Tichý Potok, Slovensko",49.1489411,20.7592704997,needs_id,0,,https://www.inaturalist.org/observations/234212194?locale=sk,https://inaturalist-open-data.s3.amazonaws.com/photos/416330902/small.jpeg
234212063,2024-07-31,Bombina variegata,kunka žltobruchá,Amphibia,"Tichý Potok, Slovensko",49.1489411528,20.7592705722,research,2,,https://www.inaturalist.org/observations/234212063?locale=sk,https://inaturalist-open-data.s3.amazonaws.com/photos/416330630/small.jpeg
234212300,2024-07-31,Inula helenium,oman pravý,Plantae,"Tichý Potok, Slovensko",49.1488772,20.7590734997,research,2,,https://www.inaturalist.org/observations/234212300?locale=sk,https://inaturalist-open-data.s3.amazonaws.com/photos/416331175/small.jpeg
232906945,2024-07-31,Inula helenium,oman pravý,Plantae,"Tichý Potok, Slovensko",49.1512910042,20.7661288977,research,1,Benjamín Jarčuška,https://www.inaturalist.org/observations/232906945?locale=sk,https://static.inaturalist.org/photos/413862814/small.jpeg
234212770,2024-07-31,Bombus,čmeľ,Insecta,"Tichý Potok, Slovensko",49.1496482083,20.7583344833,needs_id,0,,https://www.inaturalist.org/observations/234212770?locale=sk,https://inaturalist-open-data.s3.amazonaws.com/photos/416332053/small.jpeg
234212467,2024-07-31,Aconitum variegatum,prilbica pestrá,Plantae,"Tichý Potok, Slovensko",49.1212942,20.7243263,research,2,,https://www.inaturalist.org/observations/234212467?locale=sk,https://inaturalist-open-data.s3.amazonaws.com/photos/416331470/small.jpeg
233047007,2024-07-31,Pararge aegeria,očkáň pýrový,Insecta,"082 74, Slovensko",49.1554794167,20.8125877222,research,2,Martin Tribus,https://www.inaturalist.org/observations/233047007?locale=sk,https://static.inaturalist.org/photos/414121141/small.jpeg
232940564,2024-07-31,Pseudochorthippus montanus,koník močiarny,Insecta,"Nižné Repaše, Slovensko",49.1003333333,20.7225694444,research,1,Benjamín Jarčuška,https://www.inaturalist.org/observations/232940564?locale=sk,https://static.inaturalist.org/photos/413912092/small.jpeg
232931778,2024-07-31,Polygonia c-album,babôčka zubatokrídla,Insecta,"Tichý Potok, Slovensko",49.1624219,20.80666526,research,2,Martina Hajdukova,https://www.inaturalist.org/observations/232931778?locale=sk,https://inaturalist-open-data.s3.amazonaws.com/photos/413894387/small.jpeg
232885938,2024-07-31,Carlina acaulis,krasovlas bezbyľový,Plantae,"Tichý Potok, Slovensko",49.16285479,20.80606587,research,1,Martina Hajdukova,https://www.inaturalist.org/observations/232885938?locale=sk,https://inaturalist-open-data.s3.amazonaws.com/photos/413810251/small.jpeg
232888147,2024-07-31,Polysarcus denticauda,kobylka zavalitá,Insecta,"Torysky, PV, SK",49.1025019126,20.6648358888,research,3,Dávid Tkačik,https://www.inaturalist.org/observations/232888147?locale=sk,https://static.inaturalist.org/photos/413814418/small.jpeg
233268872,2024-07-31,Diachrysia chrysitis,mora zlatistá,Insecta,"082 71 Kamenica, Slovensko",49.2098257752,20.9309841692,needs_id,0,Branislav Tej,https://www.inaturalist.org/observations/233268872?locale=sk,https://inaturalist-open-data.s3.amazonaws.com/photos/414544442/small.jpeg
232940634,2024-07-31,Lemna minor,žaburinka menšia,Plantae,"Vyšné Repaše, Slovensko",49.0719083333,20.6906888889,research,1,Benjamín Jarčuška,https://www.inaturalist.org/observations/232940634?locale=sk,https://static.inaturalist.org/photos/413912232/small.jpeg
233460815,2024-07-31,Gentiana asclepiadea,horec luskáčovitý,Plantae,"Poloma, Slovakia",49.1701223468,20.79650525,research,1,Monika Salingova Klimentova,https://www.inaturalist.org/observations/233460815?locale=sk,https://static.inaturalist.org/photos/414906283/small.jpeg
232879730,2024-07-31,Hylotelephium telephium,,Plantae,"Poloma, Slovensko",49.17013001,20.7962841,needs_id,3,Martina Hajdukova,https://www.inaturalist.org/observations/232879730?locale=sk,https://inaturalist-open-data.s3.amazonaws.com/photos/413798585/small.jpeg
233882438,2024-07-31,Centaurea,"nevädza, benedikt",Plantae,"082 71 Kamenica, Slovensko",49.209718449,20.9307122603,needs_id,0,Vladimir Hemala,https://www.inaturalist.org/observations/233882438?locale=sk,https://inaturalist-open-data.s3.amazonaws.com/photos/415705801/small.jpeg
233882502,2024-07-31,Salvia verticillata,šalvia praslenatá,Plantae,"082 71 Kamenica, Slovensko",49.2097204203,20.9307115898,research,1,Vladimir Hemala,https://www.inaturalist.org/observations/233882502?locale=sk,https://inaturalist-open-data.s3.amazonaws.com/photos/415706110/small.jpeg
233268766,2024-07-31,Campanula glomerata,zvonček klbkatý,Plantae,"082 71 Kamenica, Slovensko",49.2098391362,20.9306331351,needs_id,0,Branislav Tej,https://www.inaturalist.org/observations/233268766?locale=sk,https://inaturalist-open-data.s3.amazonaws.com/photos/414544175/small.jpeg
232878272,2024-07-31,Sempervivum globiferum,skalničník výhonkatý,Plantae,"Cesta 3154, Pusté Pole, PV, SK",49.2152114,20.90402705,research,1,Ludka Reiterova,https://www.inaturalist.org/observations/232878272?locale=sk,https://inaturalist-open-data.s3.amazonaws.com/photos/413921419/small.jpeg
232879018,2024-07-31,Vanessa atalanta,babôčka admirálska,Insecta,"082 71 Kamenica, Slovensko",49.2087689306,20.9272870794,research,1,,https://www.inaturalist.org/observations/232879018?locale=sk,https://static.inaturalist.org/photos/413797615/small.jpeg
233882263,2024-07-31,Aster amellus,astra kopcová,Plantae,"082 71 Kamenica, Slovensko",49.2098325652,20.9289309382,research,1,Vladimir Hemala,https://www.inaturalist.org/observations/233882263?locale=sk,https://inaturalist-open-data.s3.amazonaws.com/photos/415705514/small.jpeg
232878234,2024-07-31,Dianthus carthusianorum,klinček kartuziánsky,Plantae,"Cesta 3154, Pusté Pole, PV, SK",49.2152114,20.90402705,research,1,Ludka Reiterova,https://www.inaturalist.org/observations/232878234?locale=sk,https://inaturalist-open-data.s3.amazonaws.com/photos/413796236/small.jpeg
233268631,2024-07-31,Sempervivum globiferum preissianum,skalničník guľkovitý tatranský,Plantae,"082 71 Kamenica, Slovensko",49.2101322011,20.9293855727,research,2,Branislav Tej,https://www.inaturalist.org/observations/233268631?locale=sk,https://inaturalist-open-data.s3.amazonaws.com/photos/414543924/small.jpeg
233882115,2024-07-31,Cicindela sylvicola,svižník hôrny,Insecta,"082 71 Kamenica, Slovensko",49.2102975696,20.9286714345,research,2,Vladimir Hemala,https://www.inaturalist.org/observations/233882115?locale=sk,https://inaturalist-open-data.s3.amazonaws.com/photos/415705239/small.jpeg
232900540,2024-07-31,Aster amellus,astra kopcová,Plantae,"082 71 Kamenica, Slovensko",49.2097199822,20.9296236187,research,1,Martin Hromada,https://www.inaturalist.org/observations/232900540?locale=sk,https://static.inaturalist.org/photos/413836619/small.jpeg
232876332,2024-07-31,Aster amellus,astra kopcová,Plantae,"Cesta 3154, Pusté Pole, PV, SK",49.2152114,20.90402705,research,1,Ludka Reiterova,https://www.inaturalist.org/observations/232876332?locale=sk,https://inaturalist-open-data.s3.amazonaws.com/photos/413796142/small.jpeg
232876289,2024-07-31,Myosotis scorpioides,nezábudka močiarna,Plantae,"Poloma, Slovensko",49.16937234,20.79937604,needs_id,0,Martina Hajdukova,https://www.inaturalist.org/observations/232876289?locale=sk,https://inaturalist-open-data.s3.amazonaws.com/photos/413792190/small.jpeg
232940845,2024-07-31,Aromia moschata,fuzáč pižmový,Insecta,"Kežmarok, SK-PV, SK",49.1253111111,20.7254555556,research,1,Benjamín Jarčuška,https://www.inaturalist.org/observations/232940845?locale=sk,https://static.inaturalist.org/photos/413912574/small.jpeg
232876153,2024-07-31,Myosotis scorpioides,nezábudka močiarna,Plantae,"Poloma, Slovensko",49.16904068,20.79964812,needs_id,0,Martina Hajdukova,https://www.inaturalist.org/observations/232876153?locale=sk,https://inaturalist-open-data.s3.amazonaws.com/photos/413792156/small.jpeg
232875735,2024-07-31,Araneus diadematus,križiak obyčajný,Arachnida,"Poloma, Slovensko",49.16887072,20.79982768,research,1,Martina Hajdukova,https://www.inaturalist.org/observations/232875735?locale=sk,https://inaturalist-open-data.s3.amazonaws.com/photos/413791400/small.jpeg
232875531,2024-07-31,Juncus effusus,sitina rozložitá,Plantae,"Poloma, Slovensko",49.1686098,20.80024813,research,1,Martina Hajdukova,https://www.inaturalist.org/observations/232875531?locale=sk,https://inaturalist-open-data.s3.amazonaws.com/photos/413791008/small.jpeg
233881970,2024-07-31,Mantis religiosa,modlivka zelená,Insecta,"082 71 Kamenica, Slovensko",49.2102975696,20.9285671636,research,2,Vladimir Hemala,https://www.inaturalist.org/observations/233881970?locale=sk,https://inaturalist-open-data.s3.amazonaws.com/photos/415704943/small.jpeg
233881462,2024-07-31,Xerolenta obvia,suchomilka stepná,Mollusca,"082 71 Kamenica, Slovensko",49.210300855,20.9285795689,research,2,Vladimir Hemala,https://www.inaturalist.org/observations/233881462?locale=sk,https://inaturalist-open-data.s3.amazonaws.com/photos/415704076/small.jpeg
232887849,2024-07-31,Rana temporaria,skokan hnedý,Amphibia,"Torysky, PV, SK",49.1026519382,20.6629271103,research,1,Dávid Tkačik,https://www.inaturalist.org/observations/232887849?locale=sk,https://static.inaturalist.org/photos/413813525/small.jpeg
232874022,2024-07-31,Epilobium montanum,vŕbovka horská,Plantae,"Poloma, Slovensko",49.16382994,20.80970541,research,1,Martina Hajdukova,https://www.inaturalist.org/observations/232874022?locale=sk,https://inaturalist-open-data.s3.amazonaws.com/photos/413788259/small.jpeg
232940898,2024-07-31,Castor fiber,bobor európsky,Mammalia,"Tichý Potok, Slovensko",49.1248944444,20.7258361111,needs_id,0,Benjamín Jarčuška,https://www.inaturalist.org/observations/232940898?locale=sk,https://static.inaturalist.org/photos/413912655/small.jpeg
232873005,2024-07-31,Picea abies,smrek obyčajný,Plantae,"Poloma, Slovensko",49.16315798,20.8110456,research,1,Martina Hajdukova,https://www.inaturalist.org/observations/232873005?locale=sk,https://inaturalist-open-data.s3.amazonaws.com/photos/413786343/small.jpeg
233881255,2024-07-31,Urtica dioica,pŕhľava dvojdomá,Plantae,"082 71 Kamenica, Slovensko",49.2085498926,20.9272522107,research,1,Vladimir Hemala,https://www.inaturalist.org/observations/233881255?locale=sk,https://inaturalist-open-data.s3.amazonaws.com/photos/415703581/small.jpeg
234212927,2024-07-31,Calliteara pudibunda,štetinavec orechový,Insecta,"Tichý Potok, Slovensko",49.1447231278,20.7015241222,research,2,,https://www.inaturalist.org/observations/234212927?locale=sk,https://inaturalist-open-data.s3.amazonaws.com/photos/416332354/small.jpeg
233446924,2024-07-31,Liparus glabrirostris,tvrdoň deväťsilový,Insecta,"053 06 Ordzovany, Slovensko",49.0708816373,20.8191481233,research,1,,https://www.inaturalist.org/observations/233446924?locale=sk,https://inaturalist-open-data.s3.amazonaws.com/photos/414883221/small.jpeg
234213030,2024-07-31,Rhagonycha fulva,snehuľčík žltý,Insecta,"Tichý Potok, Slovensko",49.1448526278,20.7012289944,research,2,,https://www.inaturalist.org/observations/234213030?locale=sk,https://inaturalist-open-data.s3.amazonaws.com/photos/416332611/small.jpeg
232941332,2024-07-31,Clinopodium vulgare,jarva obyčajná,Plantae,"Tichý Potok, Slovensko",49.1529698755,20.7225349545,research,1,Benjamín Jarčuška,https://www.inaturalist.org/observations/232941332?locale=sk,https://static.inaturalist.org/photos/413913617/small.jpeg
233884862,2024-07-31,Fruticicola fruticum,bucuľka hájová,Mollusca,"Orlov 392, 065 43 Orlov, Slovensko",49.2756411345,20.8655241877,research,2,Vladimir Hemala,https://www.inaturalist.org/observations/233884862?locale=sk,https://inaturalist-open-data.s3.amazonaws.com/photos/415710703/small.jpeg
232941112,2024-07-31,Centaurea jacea,nevädza lúčna,Plantae,"Tichý Potok, Slovensko",49.1455805556,20.7022527778,needs_id,1,Benjamín Jarčuška,https://www.inaturalist.org/observations/232941112?locale=sk,https://static.inaturalist.org/photos/413913230/small.jpeg
233884685,2024-07-31,Nepa cinerea,Splošťuľa bahenná,Insecta,"Orlov 392, 065 43 Orlov, Slovensko",49.2756172917,20.865559727,research,1,Vladimir Hemala,https://www.inaturalist.org/observations/233884685?locale=sk,https://inaturalist-open-data.s3.amazonaws.com/photos/415710561/small.jpeg
232872986,2024-07-31,Lophiolepis eriophora,pichliač belohlavý,Plantae,"082 74, Slovensko",49.15797657,20.8103813,research,1,Martina Hajdukova,https://www.inaturalist.org/observations/232872986?locale=sk,https://inaturalist-open-data.s3.amazonaws.com/photos/413786312/small.jpeg
233460713,2024-07-31,Cephalanthera damasonium,vtáčia prilba biela,Plantae,"082 74, Slovakia",49.157480048,20.8110926114,research,2,Monika Salingova Klimentova,https://www.inaturalist.org/observations/233460713?locale=sk,https://static.inaturalist.org/photos/414906123/small.jpeg
233884573,2024-07-31,Lythrum salicaria,vrbica vŕbolistá,Plantae,"065 44 Plaveč, Slovensko",49.2745375734,20.8656432107,research,1,Vladimir Hemala,https://www.inaturalist.org/observations/233884573?locale=sk,https://inaturalist-open-data.s3.amazonaws.com/photos/415710370/small.jpeg
233268398,2024-07-31,Alisma,žabník,Plantae,"065 44 Plaveč, Slovensko",49.2745660104,20.8657243475,needs_id,0,Branislav Tej,https://www.inaturalist.org/observations/233268398?locale=sk,https://inaturalist-open-data.s3.amazonaws.com/photos/414543465/small.jpeg
233884470,2024-07-31,Nepa cinerea,Splošťuľa bahenná,Insecta,"065 44 Plaveč, Slovensko",49.2745373547,20.8656539395,research,1,Vladimir Hemala,https://www.inaturalist.org/observations/233884470?locale=sk,https://inaturalist-open-data.s3.amazonaws.com/photos/415710191/small.jpeg
233884346,2024-07-31,Lycopus europaeus,karbinec európsky,Plantae,"065 44 Plaveč, Slovensko",49.2744765433,20.8654648438,research,1,Vladimir Hemala,https://www.inaturalist.org/observations/233884346?locale=sk,https://inaturalist-open-data.s3.amazonaws.com/photos/415709871/small.jpeg
233884199,2024-07-31,Lysimachia vulgaris,čerkáč obyčajný,Plantae,"065 44 Plaveč, Slovensko",49.2744835432,20.8654973656,research,1,Vladimir Hemala,https://www.inaturalist.org/observations/233884199?locale=sk,https://inaturalist-open-data.s3.amazonaws.com/photos/415709628/small.jpeg
235526537,2024-07-31,Deilephila elpenor,lišaj vŕbkový,Insecta,"065 44 Plaveč, Slovensko",49.2745170113,20.8655674383,research,3,Vladimir Hemala,https://www.inaturalist.org/observations/235526537?locale=sk,https://inaturalist-open-data.s3.amazonaws.com/photos/418887293/small.jpeg
233884036,2024-07-31,Iris pseudacorus,Kosatec žltý,Plantae,"065 44 Plaveč, Slovensko",49.2745056365,20.8655500039,research,1,Vladimir Hemala,https://www.inaturalist.org/observations/233884036?locale=sk,https://inaturalist-open-data.s3.amazonaws.com/photos/415709250/small.jpeg
233883865,2024-07-31,Trifolium pratense,ďatelina lúčna,Plantae,"065 44 Plaveč, Slovensko",49.2744844181,20.8654269576,research,2,Vladimir Hemala,https://www.inaturalist.org/observations/233883865?locale=sk,https://inaturalist-open-data.s3.amazonaws.com/photos/415709007/small.jpeg
232864551,2024-07-31,Euplagia quadripunctaria,spriadač kostihojový,Insecta,"082 74, Slovensko",49.15328757,20.81004036,research,2,Veronika Kučminová,https://www.inaturalist.org/observations/232864551?locale=sk,https://static.inaturalist.org/photos/443914136/small.jpeg
233047068,2024-07-31,Euplagia quadripunctaria,spriadač kostihojový,Insecta,"082 74, Slovensko",49.1532325556,20.8106479444,research,5,Martin Tribus,https://www.inaturalist.org/observations/233047068?locale=sk,https://static.inaturalist.org/photos/414121251/small.jpeg
232863769,2024-07-31,Senecio ovatus,starček vajcovitý,Plantae,"082 74, Slovensko",49.15163299,20.81082122,needs_id,0,Martina Hajdukova,https://www.inaturalist.org/observations/232863769?locale=sk,https://inaturalist-open-data.s3.amazonaws.com/photos/413768633/small.jpeg
232863702,2024-07-31,Geranium robertianum,pakost smradľavý,Plantae,"082 74, Slovensko",49.15170763,20.81129756,research,1,Martina Hajdukova,https://www.inaturalist.org/observations/232863702?locale=sk,https://inaturalist-open-data.s3.amazonaws.com/photos/413768466/small.jpeg
233883730,2024-07-31,Cepaea hortensis,pásikavec meňavý,Mollusca,"Orlov 221, 065 43 Orlov, Slovensko",49.2824507302,20.8662245795,research,2,Vladimir Hemala,https://www.inaturalist.org/observations/233883730?locale=sk,https://inaturalist-open-data.s3.amazonaws.com/photos/415708687/small.jpeg
233047088,2024-07-31,Decticus verrucivorus,kobylka hryzavá,Insecta,"082 74 Brezovica, Slovensko",49.1490478333,20.8122157778,research,3,Martin Tribus,https://www.inaturalist.org/observations/233047088?locale=sk,https://static.inaturalist.org/photos/414121390/small.jpeg
233047231,2024-07-31,Tettigonia cantans,kobylka spevavá,Insecta,"082 74 Brezovica, Slovensko",49.14879225,20.8118972778,research,2,Martin Tribus,https://www.inaturalist.org/observations/233047231?locale=sk,https://static.inaturalist.org/photos/414121511/small.jpeg
233268160,2024-07-31,Cepaea hortensis,pásikavec meňavý,Mollusca,"Most cez rieku Poprad, 3159, 065 43 Orlov, Slovensko",49.2823280332,20.8660934865,research,3,Branislav Tej,https://www.inaturalist.org/observations/233268160?locale=sk,https://inaturalist-open-data.s3.amazonaws.com/photos/414543047/small.jpeg
233883600,2024-07-31,Cepaea,pásikavec,Mollusca,"Orlov 221, 065 43 Orlov, Slovensko",49.2824616657,20.8662078157,research,3,Vladimir Hemala,https://www.inaturalist.org/observations/233883600?locale=sk,https://inaturalist-open-data.s3.amazonaws.com/photos/415708396/small.jpeg
234213235,2024-07-31,Silene latifolia,knôtovka biela,Plantae,"Tichý Potok, Slovensko",49.149248725,20.7491560472,research,4,,https://www.inaturalist.org/observations/234213235?locale=sk,https://inaturalist-open-data.s3.amazonaws.com/photos/416333012/small.jpeg
232861469,2024-07-31,Centaurea scabiosa,nevädza hlaváčovitá,Plantae,"082 74, Slovensko",49.14850265,20.81029918,research,1,Martina Hajdukova,https://www.inaturalist.org/observations/232861469?locale=sk,https://inaturalist-open-data.s3.amazonaws.com/photos/413764426/small.jpeg
233883498,2024-07-31,Achillea millefolium,rebríček obyčajný,Plantae,"Orlov 221, 065 43 Orlov, Slovensko",49.2826254799,20.8660173789,research,1,Vladimir Hemala,https://www.inaturalist.org/observations/233883498?locale=sk,https://inaturalist-open-data.s3.amazonaws.com/photos/415708128/small.jpeg
233882894,2024-07-31,Bellis perennis,sedmokráska obyčajná,Plantae,"Orlov 217, 065 43 Orlov, Slovensko",49.2828914306,20.8653498441,research,1,Vladimir Hemala,https://www.inaturalist.org/observations/233882894?locale=sk,https://inaturalist-open-data.s3.amazonaws.com/photos/415706972/small.jpeg
234213390,2024-07-31,Lathyrus sylvestris,hrachor lesný,Plantae,"Tichý Potok, Slovensko",49.1492165,20.7496137997,research,2,,https://www.inaturalist.org/observations/234213390?locale=sk,https://inaturalist-open-data.s3.amazonaws.com/photos/416333248/small.jpeg
232940981,2024-07-31,Carduelis carduelis,stehlík obyčajný,Aves,"Tichý Potok, Slovensko",49.1495333333,20.7488916667,research,2,Benjamín Jarčuška,https://www.inaturalist.org/observations/232940981?locale=sk,https://static.inaturalist.org/photos/413912844/small.jpeg
232858845,2024-07-31,Symphytum officinale,kostihoj lekársky,Plantae,"082 74, Slovensko",49.14573435,20.80739905,research,1,Martina Hajdukova,https://www.inaturalist.org/observations/232858845?locale=sk,https://inaturalist-open-data.s3.amazonaws.com/photos/413759638/small.jpeg
232858762,2024-07-31,Cyprinoidei,,Actinopterygii,"Podzámok 431, 065 44 Plaveč, Slovensko",49.256790803,20.8463896438,needs_id,3,Martin Hromada,https://www.inaturalist.org/observations/232858762?locale=sk,https://static.inaturalist.org/photos/413759467/small.jpeg
232858627,2024-07-31,Geranium palustre,pakost močiarny,Plantae,"082 74, Slovensko",49.14563095,20.8075516,research,3,Martina Hajdukova,https://www.inaturalist.org/observations/232858627?locale=sk,https://inaturalist-open-data.s3.amazonaws.com/photos/413759141/small.jpeg
232858426,2024-07-31,Geranium pratense,pakost lúčny,Plantae,"082 74, Slovensko",49.14565525,20.8075222,research,1,Martina Hajdukova,https://www.inaturalist.org/observations/232858426?locale=sk,https://inaturalist-open-data.s3.amazonaws.com/photos/413759099/small.jpeg
232857994,2024-07-31,Impatiens parviflora,netýkavka malokvetá,Plantae,"Orlov 206, 065 43 Orlov, Slovensko",49.2823709006,20.8644741029,research,2,Vladimir Hemala,https://www.inaturalist.org/observations/232857994?locale=sk,https://inaturalist-open-data.s3.amazonaws.com/photos/413758256/small.jpeg
232857495,2024-07-31,Daucus carota,mrkva obyčajná,Plantae,"082 74, Slovensko",49.14528616,20.80653971,research,1,Martina Hajdukova,https://www.inaturalist.org/observations/232857495?locale=sk,https://inaturalist-open-data.s3.amazonaws.com/photos/413757237/small.jpeg
232857280,2024-07-31,Pimpinella saxifraga,bedrovník lomikameňový,Plantae,"082 74, Slovensko",49.14525397,20.80652318,needs_id,0,Martina Hajdukova,https://www.inaturalist.org/observations/232857280?locale=sk,https://inaturalist-open-data.s3.amazonaws.com/photos/413757108/small.jpeg
232857196,2024-07-31,Lotus corniculatus,ľadenec rožkatý,Plantae,"082 74, Slovensko",49.14526408,20.80635649,research,1,Martina Hajdukova,https://www.inaturalist.org/observations/232857196?locale=sk,https://inaturalist-open-data.s3.amazonaws.com/photos/413756552/small.jpeg
232857032,2024-07-31,Euphorbia stricta,mliečnik tuhý,Plantae,"065 44 Plaveč, Slovensko",49.2570067824,20.8454535529,research,1,Martin Hromada,https://www.inaturalist.org/observations/232857032?locale=sk,https://static.inaturalist.org/photos/413756142/small.jpeg
232856876,2024-07-31,Odontites vernus,zdravienok jarný,Plantae,"082 74, Slovensko",49.1451358,20.80586982,needs_id,0,Martina Hajdukova,https://www.inaturalist.org/observations/232856876?locale=sk,https://inaturalist-open-data.s3.amazonaws.com/photos/413755842/small.jpeg
232856944,2024-07-31,Arianta arbustorum,arianta škvrnitá,Mollusca,"Orlov 206, 065 43 Orlov, Slovensko",49.2823599651,20.864453651,research,1,Vladimir Hemala,https://www.inaturalist.org/observations/232856944?locale=sk,https://inaturalist-open-data.s3.amazonaws.com/photos/413755939/small.jpeg
232856996,2024-07-31,Calystegia sepium,povoja plotná,Plantae,"Orlov 206, 065 43 Orlov, Slovensko",49.282357778,20.8644513041,research,3,Vladimir Hemala,https://www.inaturalist.org/observations/232856996?locale=sk,https://inaturalist-open-data.s3.amazonaws.com/photos/413756059/small.jpeg
232888736,2024-07-31,Arianta arbustorum,arianta škvrnitá,Mollusca,"Poprad, Orlov, PV, SK",49.2823216667,20.8645133333,research,2,Dávid Tkačik,https://www.inaturalist.org/observations/232888736?locale=sk,https://static.inaturalist.org/photos/413815230/small.jpeg
232855414,2024-07-31,Vicia cracca,vika vtáčia,Plantae,"Orlov 201, 065 43 Orlov, Słowacja",49.28107023,20.86255896,research,1,Bożena Sikora,https://www.inaturalist.org/observations/232855414?locale=sk,https://static.inaturalist.org/photos/413753356/small.jpeg
233047243,2024-07-31,Metellina,,Arachnida,"082 74, Slovensko",49.1461486667,20.8039760556,needs_id,1,Martin Tribus,https://www.inaturalist.org/observations/233047243?locale=sk,https://static.inaturalist.org/photos/414121561/small.jpeg
232857069,2024-07-31,Syricoris lacunana,obaľovač kalužinový,Insecta,"Orlov 201, 065 43 Orlov, Slovensko",49.2805164133,20.8621580154,needs_id,0,Vladimir Hemala,https://www.inaturalist.org/observations/232857069?locale=sk,https://inaturalist-open-data.s3.amazonaws.com/photos/413756238/small.jpeg
232857133,2024-07-31,Polistes dominula,osa dravá,Insecta,"Orlov 201, 065 43 Orlov, Slovensko",49.2805153197,20.8621566743,needs_id,1,Vladimir Hemala,https://www.inaturalist.org/observations/232857133?locale=sk,https://inaturalist-open-data.s3.amazonaws.com/photos/413756399/small.jpeg
232857211,2024-07-31,Armoracia rusticana,chren dedinský,Plantae,"Orlov 201, 065 43 Orlov, Slovensko",49.2805551266,20.8621814847,research,1,Vladimir Hemala,https://www.inaturalist.org/observations/232857211?locale=sk,https://inaturalist-open-data.s3.amazonaws.com/photos/413756584/small.jpeg
232856715,2024-07-31,Verbascum,divozel,Plantae,"Sabinov, SK-PV, SK",49.14596629,20.80006152,needs_id,0,Martina Hajdukova,https://www.inaturalist.org/observations/232856715?locale=sk,https://inaturalist-open-data.s3.amazonaws.com/photos/413755767/small.jpeg
234213492,2024-07-31,Papilio machaon,vidlochvost feniklový,Insecta,"Tichý Potok, Slovensko",49.1502755917,20.7510686306,research,2,,https://www.inaturalist.org/observations/234213492?locale=sk,https://inaturalist-open-data.s3.amazonaws.com/photos/416333489/small.jpeg
232857329,2024-07-31,Ischnura elegans,šidielko väčšie,Insecta,"Orlov 199, 065 43 Orlov, Slovensko",49.2797117379,20.8621969074,research,2,Vladimir Hemala,https://www.inaturalist.org/observations/232857329?locale=sk,https://inaturalist-open-data.s3.amazonaws.com/photos/413756865/small.jpeg
232857396,2024-07-31,Urtica dioica,pŕhľava dvojdomá,Plantae,"Orlov 394, 065 43 Orlov, Slovensko",49.2797080196,20.8627843112,research,1,Vladimir Hemala,https://www.inaturalist.org/observations/232857396?locale=sk,https://inaturalist-open-data.s3.amazonaws.com/photos/413757088/small.jpeg
232852033,2024-07-31,Tanacetum vulgare,vratič obyčajný,Plantae,"Tichý Potok 1, 082 74 Tichý Potok, Slovensko",49.14452756,20.79468818,research,1,Martina Hajdukova,https://www.inaturalist.org/observations/232852033?locale=sk,https://inaturalist-open-data.s3.amazonaws.com/photos/413746631/small.jpeg
233268002,2024-07-31,Succineidae,jantárovkovité,Mollusca,"Orlov, 065 43 Orlov, Slovensko",49.2795140119,20.862708874,needs_id,3,Branislav Tej,https://www.inaturalist.org/observations/233268002?locale=sk,https://inaturalist-open-data.s3.amazonaws.com/photos/414542734/small.jpeg
233267881,2024-07-31,Succinea putris,jantárovka veľká,Mollusca,"Orlov, 065 43 Orlov, Slovensko",49.2795813788,20.8626394719,research,1,Branislav Tej,https://www.inaturalist.org/observations/233267881?locale=sk,https://inaturalist-open-data.s3.amazonaws.com/photos/414542551/small.jpeg
232857622,2024-07-31,Chorthippus dorsatus,koník lúčny,Insecta,"065 44 Plaveč, Slovensko",49.2787139134,20.860054493,research,2,Vladimir Hemala,https://www.inaturalist.org/observations/232857622?locale=sk,https://inaturalist-open-data.s3.amazonaws.com/photos/413757341/small.jpeg
233267710,2024-07-31,Scutellaria galericulata,šišak vrúbkovaný,Plantae,"Orlov, 065 43 Orlov, Slovensko",49.2801968631,20.8615639061,needs_id,0,Branislav Tej,https://www.inaturalist.org/observations/233267710?locale=sk,https://inaturalist-open-data.s3.amazonaws.com/photos/414542343/small.jpeg
232857813,2024-07-31,Platycnemis pennipes,šidielko ploskonohé,Insecta,"065 44 Plaveč, Slovensko",49.2784669695,20.8598932251,research,1,Vladimir Hemala,https://www.inaturalist.org/observations/232857813?locale=sk,https://inaturalist-open-data.s3.amazonaws.com/photos/413757793/small.jpeg
232857926,2024-07-31,Persicaria amphibia,horčiak obojživelný,Plantae,"065 44 Plaveč, Slovensko",49.2774216547,20.8591388538,research,2,Vladimir Hemala,https://www.inaturalist.org/observations/232857926?locale=sk,https://inaturalist-open-data.s3.amazonaws.com/photos/413758105/small.jpeg
233267541,2024-07-31,Persicaria amphibia,horčiak obojživelný,Plantae,"065 44 Plaveč, Slovensko",49.2774312789,20.8591492474,research,2,Branislav Tej,https://www.inaturalist.org/observations/233267541?locale=sk,https://inaturalist-open-data.s3.amazonaws.com/photos/414542094/small.jpeg
232858091,2024-07-31,Plantago major,skorocel väčší,Plantae,"065 44 Plaveč, Slovensko",49.2776576672,20.8588625863,research,1,Vladimir Hemala,https://www.inaturalist.org/observations/232858091?locale=sk,https://inaturalist-open-data.s3.amazonaws.com/photos/413758434/small.jpeg
233328452,2024-07-31,Alcedo atthis,rybárik riečny,Aves,"Tichý Potok 108, 082 74 Tichý Potok, Slovensko",49.1431723997,20.7933103997,research,1,Stanislav Greš,https://www.inaturalist.org/observations/233328452?locale=sk,https://static.inaturalist.org/photos/414652182/small.jpeg
233938956,2024-07-31,Hypatopa binotella,hrabankovka smrečinová,Insecta,"Levoca, SK-PV, SK",49.04214,20.786986,casual,0,,https://www.inaturalist.org/observations/233938956?locale=sk,
233938547,2024-07-31,Batrachedra praeangusta,úzkokrídlovec topoľový,Insecta,"Levoca, SK-PV, SK",49.04214,20.786986,casual,0,,https://www.inaturalist.org/observations/233938547?locale=sk,
232842565,2024-07-31,Robinia pseudoacacia,agát biely,Plantae,"Tichý Potok 108, 082 74 Tichý Potok, Slovensko",49.1424878407,20.7947447151,research,1,Benjamín Jarčuška,https://www.inaturalist.org/observations/232842565?locale=sk,https://static.inaturalist.org/photos/413726665/small.jpeg
233668534,2024-07-30,Diachrysia stenochrysis,mora prerušenopásová,Insecta,"Tichý Potok, Slovensko",49.1503906719,20.7458946451,needs_id,0,,https://www.inaturalist.org/observations/233668534?locale=sk,https://inaturalist-open-data.s3.amazonaws.com/photos/415300139/small.jpeg
234213691,2024-07-30,Oenothera glazioviana,pupalka červenokališná,Plantae,"082 74, Slovensko",49.1410015,20.7969262997,research,2,,https://www.inaturalist.org/observations/234213691?locale=sk,https://inaturalist-open-data.s3.amazonaws.com/photos/416333764/small.jpeg
232869560,2024-07-30,Prionus coriarius,Fuzáč hrubý,Insecta,"Tichý Potok 142, 082 74 Tichý Potok, Slovensko",49.14689306,20.78012299,casual,1,Dušan Sedliak,https://www.inaturalist.org/observations/232869560?locale=sk,https://static.inaturalist.org/photos/413779788/small.jpeg
232869513,2024-07-30,Prionus coriarius,Fuzáč hrubý,Insecta,"Tichý Potok 142, 082 74 Tichý Potok, Slovensko",49.14688999,20.78010771,research,2,Dušan Sedliak,https://www.inaturalist.org/observations/232869513?locale=sk,https://static.inaturalist.org/photos/413779664/small.jpeg
232869460,2024-07-30,Capreolus capreolus,srnec lesný,Mammalia,"Tichý Potok 142, 082 74 Tichý Potok, Slovensko",49.14683921,20.7800935,research,2,Dušan Sedliak,https://www.inaturalist.org/observations/232869460?locale=sk,https://static.inaturalist.org/photos/413779560/small.jpeg
232869426,2024-07-30,Liparus glabrirostris,tvrdoň deväťsilový,Insecta,"Sabinov, SK-PV, SK",49.14663135,20.78113574,research,2,Dušan Sedliak,https://www.inaturalist.org/observations/232869426?locale=sk,https://static.inaturalist.org/photos/413779443/small.jpeg
232725830,2024-07-30,Vespula vulgaris,Osa obyčajná,Insecta,"Tichý Potok 108, 082 74 Tichý Potok, Slovensko",49.1431333276,20.7933865115,needs_id,0,Vladimir Hemala,https://www.inaturalist.org/observations/232725830?locale=sk,https://inaturalist-open-data.s3.amazonaws.com/photos/413755738/small.jpeg
232703467,2024-07-30,Sorex araneus,Piskor lesný,Mammalia,"Tichý Potok, Slovensko",49.1382719006,20.7715271786,needs_id,0,Martin Hromada,https://www.inaturalist.org/observations/232703467?locale=sk,https://static.inaturalist.org/photos/413494177/small.jpeg
234214038,2024-07-30,Clethrionomys glareolus,Hrdziak lesný,Mammalia,"Tichý Potok, Slovensko",49.142211,20.7211098997,needs_id,1,,https://www.inaturalist.org/observations/234214038?locale=sk,https://inaturalist-open-data.s3.amazonaws.com/photos/416334338/small.jpeg
278130280,2024-07-30,Campanula trachelium,zvonček pŕhľavolistý,Plantae,"065 45 Hromoš, Slovensko",49.2396305556,20.7929972222,research,1,Lucie Stárková,https://www.inaturalist.org/observations/278130280?locale=sk,https://inaturalist-open-data.s3.amazonaws.com/photos/499383263/small.jpeg
278130281,2024-07-30,Lythrum salicaria,vrbica vŕbolistá,Plantae,"065 45 Hromoš, Slovensko",49.2407416667,20.7944472222,research,1,Lucie Stárková,https://www.inaturalist.org/observations/278130281?locale=sk,https://inaturalist-open-data.s3.amazonaws.com/photos/499383242/small.jpeg
278130282,2024-07-30,Picris hieracioides,horčík jastrabníkovitý,Plantae,"065 45 Hromoš, Slovensko",49.2421222222,20.7957305556,needs_id,0,Lucie Stárková,https://www.inaturalist.org/observations/278130282?locale=sk,https://inaturalist-open-data.s3.amazonaws.com/photos/499383248/small.jpeg
232858345,2024-07-30,Clinopodium vulgare,jarva obyčajná,Plantae,"082 74, Slovensko",49.1462814635,20.8004853129,research,1,Vladimir Hemala,https://www.inaturalist.org/observations/232858345?locale=sk,https://inaturalist-open-data.s3.amazonaws.com/photos/413758708/small.jpeg
233265434,2024-07-30,Inulinae,,Plantae,"Tichý Potok, Slovensko",49.152214215,20.768641457,needs_id,3,Branislav Tej,https://www.inaturalist.org/observations/233265434?locale=sk,https://inaturalist-open-data.s3.amazonaws.com/photos/414537945/small.jpeg
278130285,2024-07-30,Campanula trachelium,zvonček pŕhľavolistý,Plantae,"065 45 Hromoš, Slovensko",49.2430527778,20.7955805556,research,1,Lucie Stárková,https://www.inaturalist.org/observations/278130285?locale=sk,https://inaturalist-open-data.s3.amazonaws.com/photos/499383328/small.jpeg
233455011,2024-07-30,Tenthredo arcuata,,Insecta,"082 74 Brezovica, Slovensko",49.1464036213,20.8116751537,needs_id,1,Vladimir Hemala,https://www.inaturalist.org/observations/233455011?locale=sk,https://inaturalist-open-data.s3.amazonaws.com/photos/414896588/small.jpeg
233454736,2024-07-30,Pimpinella,bedrovník,Plantae,"082 74 Brezovica, Slovensko",49.1464023054,20.8116530254,needs_id,0,Vladimir Hemala,https://www.inaturalist.org/observations/233454736?locale=sk,https://inaturalist-open-data.s3.amazonaws.com/photos/414896243/small.jpeg
232838603,2024-07-30,Polysarcus denticauda,kobylka zavalitá,Insecta,"Tichý Potok, Slovensko",49.1637222222,20.6996527778,research,3,Benjamín Jarčuška,https://www.inaturalist.org/observations/232838603?locale=sk,https://static.inaturalist.org/photos/413718776/small.jpeg
232858597,2024-07-30,Syrphidae,pestricovité,Insecta,"082 74 Brezovica, Slovensko",49.1462906747,20.8119185641,needs_id,0,Vladimir Hemala,https://www.inaturalist.org/observations/232858597?locale=sk,https://inaturalist-open-data.s3.amazonaws.com/photos/413759072/small.jpeg
232858671,2024-07-30,Euplagia quadripunctaria,spriadač kostihojový,Insecta,"082 74 Brezovica, Slovensko",49.1527301968,20.815856047,research,3,Vladimir Hemala,https://www.inaturalist.org/observations/232858671?locale=sk,https://inaturalist-open-data.s3.amazonaws.com/photos/413759242/small.jpeg
232838707,2024-07-30,Melitaea,hnedáčik,Insecta,"Tichý Potok, Slovensko",49.1627638889,20.6999555556,needs_id,0,Benjamín Jarčuška,https://www.inaturalist.org/observations/232838707?locale=sk,https://static.inaturalist.org/photos/413718908/small.jpeg
233454514,2024-07-30,Fragaria,jahoda,Plantae,"082 74, Slovensko",49.1549431781,20.8122337237,needs_id,1,Vladimir Hemala,https://www.inaturalist.org/observations/233454514?locale=sk,https://inaturalist-open-data.s3.amazonaws.com/photos/414895926/small.jpeg
233079217,2024-07-30,Athyrium filix-femina,papradka samičia,Plantae,"082 74, Slovensko",49.1557380467,20.8122441173,research,1,Vladimir Hemala,https://www.inaturalist.org/observations/233079217?locale=sk,https://inaturalist-open-data.s3.amazonaws.com/photos/414180331/small.jpeg
232670401,2024-07-30,Lepidoptera,motýle,Insecta,"082 74, Slovensko",49.1568188282,20.8112952858,needs_id,0,Vladimir Hemala,https://www.inaturalist.org/observations/232670401?locale=sk,https://inaturalist-open-data.s3.amazonaws.com/photos/413397614/small.jpeg
232670238,2024-07-30,Larix decidua,smrekovec opadavý,Plantae,"Levoca, SK-PV, SK",49.11087942,20.7761592,research,1,Martina Hajdukova,https://www.inaturalist.org/observations/232670238?locale=sk,https://inaturalist-open-data.s3.amazonaws.com/photos/413450786/small.jpeg
233078859,2024-07-30,Pseudochorthippus parallelus,koník dlhotykadlový,Insecta,"082 74, Slovensko",49.1568032602,20.8113050088,research,2,Vladimir Hemala,https://www.inaturalist.org/observations/233078859?locale=sk,https://inaturalist-open-data.s3.amazonaws.com/photos/414179855/small.jpeg
233078639,2024-07-30,Arctium tomentosum,lopúch plstnatý,Plantae,"082 74, Slovensko",49.1568400972,20.8112771809,research,1,Vladimir Hemala,https://www.inaturalist.org/observations/233078639?locale=sk,https://inaturalist-open-data.s3.amazonaws.com/photos/414179488/small.jpeg
233454349,2024-07-30,Pseudochorthippus parallelus,koník dlhotykadlový,Insecta,"082 74, Slovensko",49.1567716857,20.8113086969,research,2,Vladimir Hemala,https://www.inaturalist.org/observations/233454349?locale=sk,https://inaturalist-open-data.s3.amazonaws.com/photos/414895515/small.jpeg
234215223,2024-07-30,Misumena vatia,kvetárik dvojtvarý,Arachnida,"Tichý Potok, Slovensko",49.1573727997,20.7069222,needs_id,0,,https://www.inaturalist.org/observations/234215223?locale=sk,https://inaturalist-open-data.s3.amazonaws.com/photos/416336708/small.jpeg
232838796,2024-07-30,Misumena vatia,kvetárik dvojtvarý,Arachnida,"Tichý Potok, Slovensko",49.1572333333,20.7079833333,needs_id,0,Benjamín Jarčuška,https://www.inaturalist.org/observations/232838796?locale=sk,https://static.inaturalist.org/photos/413719139/small.jpeg
232862442,2024-07-30,Clinopodium vulgare,jarva obyčajná,Plantae,"082 74, Slovensko",49.1562792079,20.8114692941,research,1,Vladimir Hemala,https://www.inaturalist.org/observations/232862442?locale=sk,https://inaturalist-open-data.s3.amazonaws.com/photos/413766248/small.jpeg
232668452,2024-07-30,Erebia,očkáň,Insecta,"Tichý Potok, 082 74, Slovensko",49.1563844573,20.8115283027,needs_id,0,Vladimir Hemala,https://www.inaturalist.org/observations/232668452?locale=sk,https://inaturalist-open-data.s3.amazonaws.com/photos/413390931/small.jpeg
232667697,2024-07-30,Epirrhoe tristata,piadivka smútočná,Insecta,"082 74, Slovensko",49.156711387,20.8105546609,research,1,Vladimir Hemala,https://www.inaturalist.org/observations/232667697?locale=sk,https://inaturalist-open-data.s3.amazonaws.com/photos/413389316/small.jpeg
232667955,2024-07-30,Leptophyes albovittata,kobylka bielopása,Insecta,"082 74, Slovensko",49.1567076595,20.8106381446,research,2,Vladimir Hemala,https://www.inaturalist.org/observations/232667955?locale=sk,https://inaturalist-open-data.s3.amazonaws.com/photos/413390122/small.jpeg
233265347,2024-07-30,Asplenium trichomanes,slezinník červený,Plantae,"Tichý Potok, Slovensko",49.1457191387,20.7474657521,research,2,Branislav Tej,https://www.inaturalist.org/observations/233265347?locale=sk,https://inaturalist-open-data.s3.amazonaws.com/photos/414537715/small.jpeg
234213863,2024-07-30,Tettigonia cantans,kobylka spevavá,Insecta,"Tichý Potok, Slovensko",49.1560137167,20.7092970806,research,3,,https://www.inaturalist.org/observations/234213863?locale=sk,https://inaturalist-open-data.s3.amazonaws.com/photos/416334025/small.jpeg
240705624,2024-07-30,Tettigonia cantans,kobylka spevavá,Insecta,"Krásna Lúka, Slovensko",49.1866777907,20.7865220681,research,3,Ivana Kapinajová,https://www.inaturalist.org/observations/240705624?locale=sk,https://static.inaturalist.org/photos/428882633/small.jpeg
232862340,2024-07-30,Urtica dioica,pŕhľava dvojdomá,Plantae,"082 74, Slovensko",49.156828476,20.8091709763,research,1,Vladimir Hemala,https://www.inaturalist.org/observations/232862340?locale=sk,https://inaturalist-open-data.s3.amazonaws.com/photos/413766055/small.jpeg
234214133,2024-07-30,Araneus quadratus,križiak štvorškvrnný,Arachnida,"Tichý Potok, Slovensko",49.1552865028,20.710098975,research,1,,https://www.inaturalist.org/observations/234214133?locale=sk,https://inaturalist-open-data.s3.amazonaws.com/photos/416334542/small.jpeg
233265117,2024-07-30,Bielzia coerulans,slizniak karpatský,Mollusca,"Tichý Potok, Slovensko",49.1463367306,20.7471368462,research,2,Branislav Tej,https://www.inaturalist.org/observations/233265117?locale=sk,https://inaturalist-open-data.s3.amazonaws.com/photos/414537369/small.jpeg
232664727,2024-07-30,Satyrini,,Insecta,"Tichý Potok, PV, SK",49.1425787163,20.8018992197,needs_id,2,Dali Fusek,https://www.inaturalist.org/observations/232664727?locale=sk,https://static.inaturalist.org/photos/413384151/small.jpeg
232664583,2024-07-30,Minois dryas,očkáň ovsíkový,Insecta,"Tichý Potok, PV, SK",49.1425626493,20.8019073028,research,2,Dali Fusek,https://www.inaturalist.org/observations/232664583?locale=sk,https://static.inaturalist.org/photos/413383974/small.jpeg
233264962,2024-07-30,Asplenium trichomanes,slezinník červený,Plantae,"Tichý Potok, Slovensko",49.1474030235,20.7479244098,research,2,Branislav Tej,https://www.inaturalist.org/observations/233264962?locale=sk,https://inaturalist-open-data.s3.amazonaws.com/photos/414537082/small.jpeg
232664158,2024-07-30,Colias hyale,Žltáčik ranostajový,Insecta,"Tichý Potok, PV, SK",49.1427208577,20.8016651496,needs_id,1,Dali Fusek,https://www.inaturalist.org/observations/232664158?locale=sk,https://static.inaturalist.org/photos/413383371/small.jpeg
232663797,2024-07-30,Erynnis tages,súmračník kotúčový,Insecta,"Tichý Potok, PV, SK",49.1425555437,20.8019196311,research,1,Dali Fusek,https://www.inaturalist.org/observations/232663797?locale=sk,https://static.inaturalist.org/photos/413382853/small.jpeg
234214355,2024-07-30,Trichius fasciatus,chlpáčik škvrnitý,Insecta,"Tichý Potok, Slovensko",49.1548961,20.7090095,needs_id,0,,https://www.inaturalist.org/observations/234214355?locale=sk,https://inaturalist-open-data.s3.amazonaws.com/photos/416335053/small.jpeg
232662452,2024-07-30,Cucullia lychnitis,mora kukučková,Insecta,"Tichý Potok, PV, SK",49.1428646606,20.8013770413,needs_id,0,Dali Fusek,https://www.inaturalist.org/observations/232662452?locale=sk,https://static.inaturalist.org/photos/413380360/small.jpeg
232862240,2024-07-30,Stenobothrus lineatus,koník čiarkovaný,Insecta,"082 74, Slovensko",49.1568508413,20.8112932742,research,2,Vladimir Hemala,https://www.inaturalist.org/observations/232862240?locale=sk,https://inaturalist-open-data.s3.amazonaws.com/photos/413765794/small.jpeg
232862132,2024-07-30,Dolichovespula,osa,Insecta,"082 74, Slovensko",49.1566245568,20.8107779548,needs_id,1,Vladimir Hemala,https://www.inaturalist.org/observations/232862132?locale=sk,https://inaturalist-open-data.s3.amazonaws.com/photos/413765601/small.jpeg
232860097,2024-07-30,Stenobothrus lineatus,koník čiarkovaný,Insecta,"082 74, Slovensko",49.1566600783,20.8107980713,research,2,Vladimir Hemala,https://www.inaturalist.org/observations/232860097?locale=sk,https://inaturalist-open-data.s3.amazonaws.com/photos/413761882/small.jpeg
232859991,2024-07-30,Dolichovespula,osa,Insecta,"082 74, Slovensko",49.1568315457,20.8112557232,needs_id,0,Vladimir Hemala,https://www.inaturalist.org/observations/232859991?locale=sk,https://inaturalist-open-data.s3.amazonaws.com/photos/413761674/small.jpeg
232859813,2024-07-30,Geranium robertianum,pakost smradľavý,Plantae,"082 74, Slovensko",49.157103656,20.8112744987,research,1,Vladimir Hemala,https://www.inaturalist.org/observations/232859813?locale=sk,https://inaturalist-open-data.s3.amazonaws.com/photos/413761385/small.jpeg
234215590,2024-07-30,Aglais urticae,babôčka pŕhľavová,Insecta,"Tichý Potok, Slovensko",49.1548463,20.7089032,research,2,,https://www.inaturalist.org/observations/234215590?locale=sk,https://inaturalist-open-data.s3.amazonaws.com/photos/416337514/small.jpeg
232661959,2024-07-30,Cucullia lychnitis,mora kukučková,Insecta,"Tichý Potok, PV, SK",49.1428543056,20.8013922246,needs_id,0,Dali Fusek,https://www.inaturalist.org/observations/232661959?locale=sk,https://static.inaturalist.org/photos/413379386/small.jpeg
232662112,2024-07-30,Mitopus morio,kosec pestrý,Arachnida,"Tichý Potok 2, 082 74 Tichý Potok, Slovensko",49.127358713,20.7769200951,research,1,Martin Hromada,https://www.inaturalist.org/observations/232662112?locale=sk,https://static.inaturalist.org/photos/413379685/small.jpeg
232662159,2024-07-30,Boletus reticulatus,hríb dubový,Fungi,"082 74, Slovensko",49.136644519,20.7797159627,research,1,Martin Hromada,https://www.inaturalist.org/observations/232662159?locale=sk,https://static.inaturalist.org/photos/413379803/small.jpeg
232660755,2024-07-30,Senecio ovatus,starček vajcovitý,Plantae,"082 74, Slovensko",49.11798492,20.78437842,needs_id,0,Martina Hajdukova,https://www.inaturalist.org/observations/232660755?locale=sk,https://inaturalist-open-data.s3.amazonaws.com/photos/413377213/small.jpeg
232660605,2024-07-30,Cirsium arvense,pichliač roľný,Plantae,"082 74, Slovensko",49.1181619,20.78434792,research,1,Martina Hajdukova,https://www.inaturalist.org/observations/232660605?locale=sk,https://inaturalist-open-data.s3.amazonaws.com/photos/413376947/small.jpeg
232661093,2024-07-30,Tragopogon orientalis,kozia brada východná,Plantae,"082 74, Slovensko",49.1226818061,20.7770706341,research,1,Martina Hajdukova,https://www.inaturalist.org/observations/232661093?locale=sk,https://inaturalist-open-data.s3.amazonaws.com/photos/413377876/small.jpeg
232670188,2024-07-30,Hypericum maculatum,ľubovník škvrnitý,Plantae,"Tichý Potok 100, 082 74 Tichý Potok, Slovensko",49.1243903895,20.7818251848,research,1,Martina Hajdukova,https://www.inaturalist.org/observations/232670188?locale=sk,https://inaturalist-open-data.s3.amazonaws.com/photos/413394293/small.jpeg
232660408,2024-07-30,Gentiana asclepiadea,horec luskáčovitý,Plantae,"082 74, Slovensko",49.1252853592,20.7805323601,research,1,Martina Hajdukova,https://www.inaturalist.org/observations/232660408?locale=sk,https://inaturalist-open-data.s3.amazonaws.com/photos/413376921/small.jpeg
233446911,2024-07-30,Lacerta agilis,jašterica krátkohlavá,Reptilia,"Tichý Potok, Slovensko",49.1498381733,20.7450450584,research,3,,https://www.inaturalist.org/observations/233446911?locale=sk,https://inaturalist-open-data.s3.amazonaws.com/photos/414883188/small.jpeg
232838755,2024-07-30,Argiope bruennichi,križiak pásavý,Arachnida,"Tichý Potok, Slovensko",49.1547222222,20.710775,research,1,Benjamín Jarčuška,https://www.inaturalist.org/observations/232838755?locale=sk,https://static.inaturalist.org/photos/413719054/small.jpeg
232859657,2024-07-30,Lophiolepis eriophora,pichliač belohlavý,Plantae,"082 74, Slovensko",49.1544329206,20.8068558946,research,1,Vladimir Hemala,https://www.inaturalist.org/observations/232859657?locale=sk,https://inaturalist-open-data.s3.amazonaws.com/photos/413761204/small.jpeg
234214545,2024-07-30,Digitalis grandiflora,náprstník veľkokvetý,Plantae,"Tichý Potok, Slovensko",49.1458727997,20.7160696997,research,1,,https://www.inaturalist.org/observations/234214545?locale=sk,https://inaturalist-open-data.s3.amazonaws.com/photos/416335371/small.jpeg
232859572,2024-07-30,Campanula trachelium,zvonček pŕhľavolistý,Plantae,"Tichý Potok, Slovensko",49.1541982925,20.8014177158,needs_id,1,Vladimir Hemala,https://www.inaturalist.org/observations/232859572?locale=sk,https://inaturalist-open-data.s3.amazonaws.com/photos/413761004/small.jpeg
232859464,2024-07-30,Geranium robertianum,pakost smradľavý,Plantae,"Tichý Potok, Slovensko",49.1544765569,20.8010928333,research,1,Vladimir Hemala,https://www.inaturalist.org/observations/232859464?locale=sk,https://inaturalist-open-data.s3.amazonaws.com/photos/413760846/small.jpeg
232859309,2024-07-30,Collybiopsis confluens,peniazovka trsovitá,Fungi,"Tichý Potok, Slovensko",49.1544936606,20.8010817692,needs_id,0,Vladimir Hemala,https://www.inaturalist.org/observations/232859309?locale=sk,https://inaturalist-open-data.s3.amazonaws.com/photos/413760650/small.jpeg
232859160,2024-07-30,Asarum europaeum,kopytník európsky,Plantae,"Tichý Potok, Slovensko",49.1545272101,20.801086463,research,1,Vladimir Hemala,https://www.inaturalist.org/observations/232859160?locale=sk,https://inaturalist-open-data.s3.amazonaws.com/photos/413760327/small.jpeg
232859072,2024-07-30,Pulmonaria obscura,pľúcnik tmavý,Plantae,"Tichý Potok, Slovensko",49.1542776715,20.8013067394,research,1,Vladimir Hemala,https://www.inaturalist.org/observations/232859072?locale=sk,https://inaturalist-open-data.s3.amazonaws.com/photos/413760122/small.jpeg
232858952,2024-07-30,Pulmonaria obscura,pľúcnik tmavý,Plantae,"Tichý Potok 1, 082 74 Tichý Potok, Slovensko",49.1471769152,20.7966199145,research,1,Vladimir Hemala,https://www.inaturalist.org/observations/232858952?locale=sk,https://inaturalist-open-data.s3.amazonaws.com/photos/413759780/small.jpeg
232659648,2024-07-30,Apatura iris,dúhovec väčší,Insecta,"Sabinov, SK-PV, SK",49.1430180715,20.7828655583,research,1,Martin Hromada,https://www.inaturalist.org/observations/232659648?locale=sk,https://static.inaturalist.org/photos/413375222/small.jpeg
232858847,2024-07-30,Clinopodium vulgare,jarva obyčajná,Plantae,"Tichý Potok 1, 082 74 Tichý Potok, Slovensko",49.1472063028,20.7967060804,research,1,Vladimir Hemala,https://www.inaturalist.org/observations/232858847?locale=sk,https://inaturalist-open-data.s3.amazonaws.com/photos/413759632/small.jpeg
232858751,2024-07-30,Corylus avellana,lieska obyčajná,Plantae,"Tichý Potok 1, 082 74 Tichý Potok, Slovensko",49.1472054255,20.7967090979,research,2,Vladimir Hemala,https://www.inaturalist.org/observations/232858751?locale=sk,https://inaturalist-open-data.s3.amazonaws.com/photos/413759442/small.jpeg
232659935,2024-07-30,Cinclus cinclus,vodnár potočný,Aves,"Tichý Potok 100, 082 74 Tichý Potok, Slovensko",49.1477808919,20.7868744433,research,2,Martin Hromada,https://www.inaturalist.org/observations/232659935?locale=sk,https://static.inaturalist.org/photos/413375772/small.jpeg
233519639,2024-07-30,Delichon urbicum,belorítka obyčajná,Aves,"Tichý Potok 108, 082 74 Tichý Potok, Slovensko",49.1440533997,20.793351,research,1,Stanislav Greš,https://www.inaturalist.org/observations/233519639?locale=sk,https://static.inaturalist.org/photos/415011867/small.jpeg
233328301,2024-07-30,Turdus viscivorus,drozd trskota,Aves,"Tichý Potok 108, 082 74 Tichý Potok, Slovensko",49.1430962,20.7933851997,research,1,Stanislav Greš,https://www.inaturalist.org/observations/233328301?locale=sk,https://static.inaturalist.org/photos/414651839/small.jpeg
233047272,2024-07-29,Decticus verrucivorus,kobylka hryzavá,Insecta,"Tichý Potok 108, 082 74 Tichý Potok, Slovensko",49.1420631389,20.7950343889,research,2,Martin Tribus,https://www.inaturalist.org/observations/233047272?locale=sk,https://static.inaturalist.org/photos/414121588/small.jpeg
333913299,2024-07-29,Euphrasia officinalis,očianka Rostkovova,Plantae,"065 45 Hromoš, Slovensko",49.2523277778,20.8002361111,research,1,Lucie Stárková,https://www.inaturalist.org/observations/333913299?locale=sk,https://inaturalist-open-data.s3.amazonaws.com/photos/606270428/small.jpg
233047311,2024-07-29,Astragalus glycyphyllos,kozinec sladkolistý,Plantae,"082 74, Slovensko",49.1400375278,20.7970371111,research,2,Martin Tribus,https://www.inaturalist.org/observations/233047311?locale=sk,https://static.inaturalist.org/photos/414123284/small.jpeg
278130287,2024-07-29,Galeopsis speciosa,konopnica úhľadná,Plantae,"065 45 Hromoš, Slovensko",49.2526277778,20.7993888889,research,1,Lucie Stárková,https://www.inaturalist.org/observations/278130287?locale=sk,https://inaturalist-open-data.s3.amazonaws.com/photos/499383420/small.jpeg
234285765,2024-07-29,Polyommatus icarus,,Insecta,"Brezovica 503, 082 74 Brezovica, Slovensko",49.1407660626,20.8152730018,needs_id,1,Vladimir Hemala,https://www.inaturalist.org/observations/234285765?locale=sk,https://inaturalist-open-data.s3.amazonaws.com/photos/416476201/small.jpeg
333913302,2024-07-29,Centaurium erythraea,zemežlč menšia,Plantae,"065 45 Hromoš, Slovensko",49.25125,20.795825,research,1,Lucie Stárková,https://www.inaturalist.org/observations/333913302?locale=sk,https://inaturalist-open-data.s3.amazonaws.com/photos/606270434/small.jpg
278130290,2024-07-29,Centaurium erythraea,zemežlč menšia,Plantae,"065 45 Hromoš, Slovensko",49.25125,20.795825,research,2,Lucie Stárková,https://www.inaturalist.org/observations/278130290?locale=sk,https://inaturalist-open-data.s3.amazonaws.com/photos/499383429/small.jpeg
234285296,2024-07-29,Anchusa officinalis,smohla lekárska,Plantae,"Brezovica 503, 082 74 Brezovica, Slovensko",49.1408548947,20.8151767775,research,2,Vladimir Hemala,https://www.inaturalist.org/observations/234285296?locale=sk,https://inaturalist-open-data.s3.amazonaws.com/photos/416475509/small.jpeg
233330718,2024-07-29,Argynnis paphia,perlovec striebristopásavý,Insecta,"Blažov, Tichý Potok, PV, SK",49.15028005,20.73319425,research,1,Silvi Karin Tkáčová,https://www.inaturalist.org/observations/233330718?locale=sk,https://static.inaturalist.org/photos/414656935/small.jpeg
232838959,2024-07-29,Calluna vulgaris,vres obyčajný,Plantae,"Bajerovce, Slovensko",49.1937222222,20.7524972222,research,1,Benjamín Jarčuška,https://www.inaturalist.org/observations/232838959?locale=sk,https://static.inaturalist.org/photos/413719436/small.jpeg
232839013,2024-07-29,Vaccinium vitis-idaea,brusnica obyčajná,Plantae,"Bajerovce, Slovensko",49.1936635512,20.7536257803,research,1,Benjamín Jarčuška,https://www.inaturalist.org/observations/232839013?locale=sk,https://static.inaturalist.org/photos/413719514/small.jpeg
232838904,2024-07-29,Metrioptera brachyptera,kobylôčka krátkokrídla,Insecta,"Bajerovce, Slovensko",49.197125,20.7548972222,research,1,Benjamín Jarčuška,https://www.inaturalist.org/observations/232838904?locale=sk,https://static.inaturalist.org/photos/413719265/small.jpeg
232647827,2024-07-29,Omocestus viridulus,koník zelený,Insecta,"Bajerovce, Slovensko",49.1971111111,20.7551472222,research,1,Benjamín Jarčuška,https://www.inaturalist.org/observations/232647827?locale=sk,https://static.inaturalist.org/photos/413351880/small.jpeg
236528112,2024-07-29,Juniperus communis,borievka obyčajná,Plantae,"Bajerovce, Slovensko",49.1938083333,20.7537583333,research,2,Benjamín Jarčuška,https://www.inaturalist.org/observations/236528112?locale=sk,https://static.inaturalist.org/photos/420807732/small.jpeg
232463933,2024-07-29,Amphimallon solstitiale,chrústik letný,Insecta,"Bajerovce, Slovensko",49.1967990548,20.7797129452,research,1,Martin Hromada,https://www.inaturalist.org/observations/232463933?locale=sk,https://static.inaturalist.org/photos/413001245/small.jpeg
233327882,2024-07-29,Glis glis,Plch sivý,Mammalia,"Tichý Potok, Slovensko",49.1255365797,20.7259735465,research,2,Stanislav Greš,https://www.inaturalist.org/observations/233327882?locale=sk,https://static.inaturalist.org/photos/414651035/small.jpeg
233048347,2024-07-29,Inula helenium,oman pravý,Plantae,"Tichý Potok, Slovensko",49.1503486389,20.7541179444,research,2,Martin Tribus,https://www.inaturalist.org/observations/233048347?locale=sk,https://static.inaturalist.org/photos/414123296/small.jpeg
232460557,2024-07-29,Hypericum maculatum,ľubovník škvrnitý,Plantae,"Tichý Potok, Slovensko",49.1638346064,20.8043578604,research,1,Martin Hromada,https://www.inaturalist.org/observations/232460557?locale=sk,https://static.inaturalist.org/photos/412995144/small.jpeg
234285108,2024-07-29,Chiasmia clathrata,Listnatka ďatelinová,Insecta,"Tichý Potok, Slovensko",49.1496436552,20.7467288151,research,3,Vladimir Hemala,https://www.inaturalist.org/observations/234285108?locale=sk,https://inaturalist-open-data.s3.amazonaws.com/photos/416475331/small.jpeg
233668171,2024-07-29,Phalera bucephala,faléra lipová,Insecta,"Tichý Potok, Slovensko",49.1494756468,20.7569873598,research,2,,https://www.inaturalist.org/observations/233668171?locale=sk,https://inaturalist-open-data.s3.amazonaws.com/photos/415299766/small.jpeg
234284941,2024-07-29,Torilis japonica,torica japonská,Plantae,"Tichý Potok, Slovensko",49.1496846642,20.7471106946,research,1,Vladimir Hemala,https://www.inaturalist.org/observations/234284941?locale=sk,https://inaturalist-open-data.s3.amazonaws.com/photos/416474964/small.jpeg
232457437,2024-07-29,Pholiota flammans,šupinovka ohnivá,Fungi,"059 71 Ľubica, Slovensko",49.1750138145,20.7850408182,needs_id,0,Martin Hromada,https://www.inaturalist.org/observations/232457437?locale=sk,https://static.inaturalist.org/photos/412989150/small.jpeg
234214844,2024-07-29,Polysarcus denticauda,kobylka zavalitá,Insecta,"Tichý Potok, Slovensko",49.1839337997,20.751885,research,5,,https://www.inaturalist.org/observations/234214844?locale=sk,https://inaturalist-open-data.s3.amazonaws.com/photos/416336144/small.jpeg
232543987,2024-07-29,Zygaena filipendulae,vretienka obyčajná,Insecta,"Tichý Potok, PV, SK",49.15715,20.8103466667,research,1,Ludka Reiterova,https://www.inaturalist.org/observations/232543987?locale=sk,https://inaturalist-open-data.s3.amazonaws.com/photos/413151391/small.jpeg
232456730,2024-07-29,Senecio ovatus,starček vajcovitý,Plantae,"Poloma, Slovensko",49.1784667659,20.779716298,research,1,Martin Hromada,https://www.inaturalist.org/observations/232456730?locale=sk,https://static.inaturalist.org/photos/412988170/small.jpeg
233888755,2024-07-29,Pseudochorthippus parallelus,koník dlhotykadlový,Insecta,"Tichý Potok, Slovensko",49.1496315938,20.7486948743,research,2,Vladimir Hemala,https://www.inaturalist.org/observations/233888755?locale=sk,https://inaturalist-open-data.s3.amazonaws.com/photos/415719207/small.jpeg
232509570,2024-07-29,Pseudochorthippus parallelus,koník dlhotykadlový,Insecta,"Tichý Potok, Slovensko",49.1497980417,20.7485071197,research,2,Vladimir Hemala,https://www.inaturalist.org/observations/232509570?locale=sk,https://inaturalist-open-data.s3.amazonaws.com/photos/413086106/small.jpeg
232455671,2024-07-29,Pholidoptera griseoaptera,kobylka hnedkastá,Insecta,"Tichý Potok, Slovensko",49.1709841169,20.7883664221,research,3,Martin Hromada,https://www.inaturalist.org/observations/232455671?locale=sk,https://static.inaturalist.org/photos/412986099/small.jpeg
234214662,2024-07-29,Dianthus superbus,klinček pyšný,Plantae,"Tichý Potok, Slovensko",49.1848537083,20.7526397333,research,1,,https://www.inaturalist.org/observations/234214662?locale=sk,https://inaturalist-open-data.s3.amazonaws.com/photos/416335722/small.jpeg
233888099,2024-07-29,Tragopogon orientalis,kozia brada východná,Plantae,"Tichý Potok, Slovensko",49.1497565942,20.7488638535,research,3,Vladimir Hemala,https://www.inaturalist.org/observations/233888099?locale=sk,https://inaturalist-open-data.s3.amazonaws.com/photos/415717273/small.jpeg
233887686,2024-07-29,Erynnis tages,súmračník kotúčový,Insecta,"Tichý Potok, Slovensko",49.1423165429,20.7273280621,research,2,Vladimir Hemala,https://www.inaturalist.org/observations/233887686?locale=sk,https://inaturalist-open-data.s3.amazonaws.com/photos/415716199/small.jpeg
233887473,2024-07-29,Tanacetum vulgare,vratič obyčajný,Plantae,"Tichý Potok, Slovensko",49.1421895497,20.7275094464,research,1,Vladimir Hemala,https://www.inaturalist.org/observations/233887473?locale=sk,https://inaturalist-open-data.s3.amazonaws.com/photos/415715780/small.jpeg
233887302,2024-07-29,Achillea millefolium,rebríček obyčajný,Plantae,"Tichý Potok, Slovensko",49.1450337693,20.7001512498,research,1,Vladimir Hemala,https://www.inaturalist.org/observations/233887302?locale=sk,https://inaturalist-open-data.s3.amazonaws.com/photos/415715495/small.jpeg
233330851,2024-07-29,Iphiclides podalirius,vidlochvost ovocný,Insecta,"Blažov, Tichý Potok, PV, SK",49.15028005,20.73319425,research,4,Silvi Karin Tkáčová,https://www.inaturalist.org/observations/233330851?locale=sk,https://static.inaturalist.org/photos/414657185/small.jpeg
234215665,2024-07-29,Araneus quadratus,križiak štvorškvrnný,Arachnida,"Tichý Potok, Slovensko",49.1847904997,20.7514085,research,1,,https://www.inaturalist.org/observations/234215665?locale=sk,https://inaturalist-open-data.s3.amazonaws.com/photos/416337715/small.jpeg
233887082,2024-07-29,Petasites hybridus,Deväťsil lekársky,Plantae,"Tichý Potok, Slovensko",49.1449984588,20.7000768185,research,2,Vladimir Hemala,https://www.inaturalist.org/observations/233887082?locale=sk,https://inaturalist-open-data.s3.amazonaws.com/photos/415715091/small.jpeg
234215051,2024-07-29,Tettigonia cantans,kobylka spevavá,Insecta,"Tichý Potok, Slovensko",49.1847494,20.7513974997,research,3,,https://www.inaturalist.org/observations/234215051?locale=sk,https://inaturalist-open-data.s3.amazonaws.com/photos/416336415/small.jpeg
232455176,2024-07-29,Centaurea scabiosa,nevädza hlaváčovitá,Plantae,"Tichý Potok, Slovensko",49.1704895883,20.7896800339,needs_id,0,Martin Hromada,https://www.inaturalist.org/observations/232455176?locale=sk,https://static.inaturalist.org/photos/412985049/small.jpeg
233062513,2024-07-29,Cota tinctoria,ruman farbiarsky,Plantae,"Tichý Potok 86, 082 74 Tichý Potok, Slovensko",49.1465873611,20.787302,research,1,Martin Tribus,https://www.inaturalist.org/observations/233062513?locale=sk,https://static.inaturalist.org/photos/414149162/small.jpeg
233886244,2024-07-29,Myricaria germanica,myrikovka nemecká,Plantae,"Prešovský, SK",49.1945708266,20.7463079143,research,2,Vladimir Hemala,https://www.inaturalist.org/observations/233886244?locale=sk,https://inaturalist-open-data.s3.amazonaws.com/photos/415713386/small.jpeg
232455243,2024-07-29,Persicaria hydropiper,horčiak pieprový,Plantae,"Tichý Potok, Slovensko",49.1657310328,20.7787074521,research,1,Martin Hromada,https://www.inaturalist.org/observations/232455243?locale=sk,https://static.inaturalist.org/photos/412985241/small.jpeg
233885903,2024-07-29,Veronica persica,veronika perzská,Plantae,"Tichý Potok, Slovensko",49.1519543581,20.7720773667,research,2,Vladimir Hemala,https://www.inaturalist.org/observations/233885903?locale=sk,https://inaturalist-open-data.s3.amazonaws.com/photos/415712546/small.jpeg
232544110,2024-07-29,Anoplotrupes,,Insecta,"Tichý Potok, PV, SK",49.148575,20.8028033333,needs_id,0,Ludka Reiterova,https://www.inaturalist.org/observations/232544110?locale=sk,https://inaturalist-open-data.s3.amazonaws.com/photos/413151899/small.jpeg
232455396,2024-07-29,Origanum vulgare,pamajorán obyčajný,Plantae,"Tichý Potok, Slovensko",49.16454061,20.7796448842,research,1,Martin Hromada,https://www.inaturalist.org/observations/232455396?locale=sk,https://static.inaturalist.org/photos/412985625/small.jpeg
232455776,2024-07-29,Cuscuta epithymum,kukučina dúšková,Plantae,"Tichý Potok, Slovensko",49.1592583389,20.7819522545,needs_id,0,Martin Hromada,https://www.inaturalist.org/observations/232455776?locale=sk,https://static.inaturalist.org/photos/412986292/small.jpeg
232669127,2024-07-29,Tenebrio molitor,múčiar obyčajný,Insecta,"Tichý Potok 72, 082 74 Tichý Potok, Slovensko",49.1474310951,20.7858404517,needs_id,0,Vladimir Hemala,https://www.inaturalist.org/observations/232669127?locale=sk,https://inaturalist-open-data.s3.amazonaws.com/photos/413392004/small.jpeg
232528087,2024-07-28,Cervus elaphus,jeleň lesný,Mammalia,"082 74, Slovensko",49.1218434005,20.7731230929,research,3,Tomáš Somorovský,https://www.inaturalist.org/observations/232528087?locale=sk,https://static.inaturalist.org/photos/413120250/small.jpeg
232329187,2024-07-28,Vipera berus,vretenica severná,Reptilia,"Tichý Potok, Slovensko",49.1357995492,20.725200735,research,4,Martin Hromada,https://www.inaturalist.org/observations/232329187?locale=sk,https://static.inaturalist.org/photos/412741272/small.jpeg
232462160,2024-07-28,Liparus glabrirostris,tvrdoň deväťsilový,Insecta,"Tichý Potok 100, 082 74 Tichý Potok, Slovensko",49.1477808919,20.7868744433,research,2,Šimon Lešinský,https://www.inaturalist.org/observations/232462160?locale=sk,https://static.inaturalist.org/photos/413440002/small.jpeg
232241702,2024-07-28,Coleophora spiraeella,rúrkovček tavoľníkový,Insecta,"082 71 Lipany, Slovensko",49.1527085601,20.9636484619,needs_id,0,,https://www.inaturalist.org/observations/232241702?locale=sk,https://inaturalist-open-data.s3.amazonaws.com/photos/412579917/small.jpg
234285983,2024-07-28,Pseudochorthippus parallelus,koník dlhotykadlový,Insecta,"Tichý Potok 108, 082 74 Tichý Potok, Slovensko",49.1431975907,20.7937512919,research,2,Vladimir Hemala,https://www.inaturalist.org/observations/234285983?locale=sk,https://inaturalist-open-data.s3.amazonaws.com/photos/416476650/small.jpeg
232233350,2024-07-28,Euphorbia cyparissias,mliečnik chvojkový,Plantae,"082 71 Kamenica, Slovensko",49.19435487,20.9714601,research,2,Martina Hajdukova,https://www.inaturalist.org/observations/232233350?locale=sk,https://inaturalist-open-data.s3.amazonaws.com/photos/412564330/small.jpeg
232232952,2024-07-28,Gentiana cruciata,horec krížatý,Plantae,"082 71 Kamenica, Slovensko",49.1941545,20.9718755,research,1,Martina Hajdukova,https://www.inaturalist.org/observations/232232952?locale=sk,https://inaturalist-open-data.s3.amazonaws.com/photos/412563504/small.jpeg
232232777,2024-07-28,Silene vulgaris,silenka obyčajná,Plantae,"082 71 Kamenica, Slovensko",49.19412151,20.97211064,research,2,Martina Hajdukova,https://www.inaturalist.org/observations/232232777?locale=sk,https://inaturalist-open-data.s3.amazonaws.com/photos/412563100/small.jpeg
232232482,2024-07-28,Papilio machaon,vidlochvost feniklový,Insecta,"082 71 Kamenica, Slovensko",49.19415962,20.97212442,research,2,Martina Hajdukova,https://www.inaturalist.org/observations/232232482?locale=sk,https://inaturalist-open-data.s3.amazonaws.com/photos/412562691/small.jpeg
234511340,2024-07-28,Corythucha arcuata,,Insecta,"5XW9+RW, 082 71 Kamenica, Slovensko",49.1964336105,20.9706952795,research,1,Vladimir Hemala,https://www.inaturalist.org/observations/234511340?locale=sk,https://inaturalist-open-data.s3.amazonaws.com/photos/416913866/small.jpeg
234511033,2024-07-28,Corythucha arcuata,,Insecta,"5XW9+RW, 082 71 Kamenica, Slovensko",49.1960280693,20.9726610035,research,1,Vladimir Hemala,https://www.inaturalist.org/observations/234511033?locale=sk,https://inaturalist-open-data.s3.amazonaws.com/photos/416913172/small.jpeg
234511540,2024-07-28,Lophiolepis eriophora,pichliač belohlavý,Plantae,"5XW9+RW, 082 71 Kamenica, Slovensko",49.1964358014,20.9706909209,research,1,Vladimir Hemala,https://www.inaturalist.org/observations/234511540?locale=sk,https://inaturalist-open-data.s3.amazonaws.com/photos/416914718/small.jpeg
234510618,2024-07-28,Arctium tomentosum,lopúch plstnatý,Plantae,"5XW9+RW, 082 71 Kamenica, Slovensko",49.1960214965,20.9726529568,research,1,Vladimir Hemala,https://www.inaturalist.org/observations/234510618?locale=sk,https://inaturalist-open-data.s3.amazonaws.com/photos/416912397/small.jpeg
234510483,2024-07-28,Sempervivum globiferum preissianum,skalničník guľkovitý tatranský,Plantae,"082 71 Kamenica, Slovensko",49.1950662377,20.9749616683,research,2,Vladimir Hemala,https://www.inaturalist.org/observations/234510483?locale=sk,https://inaturalist-open-data.s3.amazonaws.com/photos/416912159/small.jpeg
234510348,2024-07-28,Caucasotachea vindobonensis,pásikavec lesostepný,Mollusca,"082 71 Kamenica, Slovensko",49.1950745634,20.9749636799,research,2,Vladimir Hemala,https://www.inaturalist.org/observations/234510348?locale=sk,https://inaturalist-open-data.s3.amazonaws.com/photos/416911807/small.jpeg
234510123,2024-07-28,Chorthippus apricarius,koník poľný,Insecta,"082 71 Kamenica, Slovensko",49.1953699068,20.9743417427,research,2,Vladimir Hemala,https://www.inaturalist.org/observations/234510123?locale=sk,https://inaturalist-open-data.s3.amazonaws.com/photos/416911474/small.jpeg
234509980,2024-07-28,Geranium pratense,pakost lúčny,Plantae,"082 71 Kamenica, Slovensko",49.1954481243,20.9741912037,research,1,Vladimir Hemala,https://www.inaturalist.org/observations/234509980?locale=sk,https://inaturalist-open-data.s3.amazonaws.com/photos/416911206/small.jpeg
234509705,2024-07-28,Salticus,,Arachnida,"5XW9+RW, 082 71 Kamenica, Slovensko",49.1959916997,20.9713926539,needs_id,0,Vladimir Hemala,https://www.inaturalist.org/observations/234509705?locale=sk,https://inaturalist-open-data.s3.amazonaws.com/photos/416910729/small.jpeg
234509491,2024-07-28,Linaria vulgaris,pyštek obyčajný,Plantae,"5XW9+RW, 082 71 Kamenica, Slovensko",49.1959789923,20.971474126,research,1,Vladimir Hemala,https://www.inaturalist.org/observations/234509491?locale=sk,https://inaturalist-open-data.s3.amazonaws.com/photos/416910296/small.jpeg
234509309,2024-07-28,Cota tinctoria,ruman farbiarsky,Plantae,"5XW9+RW, 082 71 Kamenica, Slovensko",49.1959811832,20.9714734554,research,1,Vladimir Hemala,https://www.inaturalist.org/observations/234509309?locale=sk,https://inaturalist-open-data.s3.amazonaws.com/photos/416910004/small.jpeg
234289660,2024-07-28,Chorthippus,koník,Insecta,"Kamenica 230, 082 71 Kamenica, Slovensko",49.1944183601,20.9661988914,needs_id,3,Vladimir Hemala,https://www.inaturalist.org/observations/234289660?locale=sk,https://inaturalist-open-data.s3.amazonaws.com/photos/416483811/small.jpeg
234287399,2024-07-28,Platycleis grisea,Kobylôčka sivastá,Insecta,"Kamenica 230, 082 71 Kamenica, Slovensko",49.1940642915,20.9669458866,research,2,Vladimir Hemala,https://www.inaturalist.org/observations/234287399?locale=sk,https://inaturalist-open-data.s3.amazonaws.com/photos/416479273/small.jpeg
233885450,2024-07-28,Chorthippus biguttulus,,Insecta,"Kamenica 230, 082 71 Kamenica, Slovensko",49.1940233193,20.9670404345,needs_id,1,Vladimir Hemala,https://www.inaturalist.org/observations/233885450?locale=sk,https://inaturalist-open-data.s3.amazonaws.com/photos/415711878/small.jpeg
233330947,2024-07-28,Lacerta agilis,jašterica krátkohlavá,Reptilia,"Blažov, Tichý Potok, PV, SK",49.15028005,20.73319425,research,2,Silvi Karin Tkáčová,https://www.inaturalist.org/observations/233330947?locale=sk,https://static.inaturalist.org/photos/414657431/small.jpeg
233885189,2024-07-28,Cichorium intybus,čakanka obyčajná,Plantae,"Kamenica 230, 082 71 Kamenica, Slovensko",49.1927658723,20.9682521224,research,1,Vladimir Hemala,https://www.inaturalist.org/observations/233885189?locale=sk,https://inaturalist-open-data.s3.amazonaws.com/photos/415711422/small.jpeg
233452539,2024-07-28,Harmonia axyridis,lienka východná,Insecta,"Kamenica 160, 082 71 Kamenica, Slovensko",49.1929249448,20.9607342258,research,1,Vladimir Hemala,https://www.inaturalist.org/observations/233452539?locale=sk,https://inaturalist-open-data.s3.amazonaws.com/photos/414892657/small.jpeg
233452020,2024-07-28,Chorthippus dorsatus,koník lúčny,Insecta,"082 74, Slovensko",49.1431116141,20.7939561456,research,1,Vladimir Hemala,https://www.inaturalist.org/observations/233452020?locale=sk,https://inaturalist-open-data.s3.amazonaws.com/photos/414891733/small.jpeg
233451737,2024-07-28,Eupeodes latifasciatus,,Insecta,"Tichý Potok 108, 082 74 Tichý Potok, Slovensko",49.1431657881,20.7934066281,needs_id,0,Vladimir Hemala,https://www.inaturalist.org/observations/233451737?locale=sk,https://inaturalist-open-data.s3.amazonaws.com/photos/414891355/small.jpeg
233451306,2024-07-28,Achillea millefolium,rebríček obyčajný,Plantae,"Tichý Potok 11, 082 74 Tichý Potok, Slovensko",49.1452322533,20.792510435,research,1,Vladimir Hemala,https://www.inaturalist.org/observations/233451306?locale=sk,https://inaturalist-open-data.s3.amazonaws.com/photos/414890661/small.jpeg
233450929,2024-07-28,Tanacetum vulgare,vratič obyčajný,Plantae,"Tichý Potok 107, 082 74 Tichý Potok, Slovensko",49.1452408067,20.7925003767,research,1,Vladimir Hemala,https://www.inaturalist.org/observations/233450929?locale=sk,https://inaturalist-open-data.s3.amazonaws.com/photos/414889995/small.jpeg
233450776,2024-07-28,Cichorium intybus,čakanka obyčajná,Plantae,"Tichý Potok 107, 082 74 Tichý Potok, Slovensko",49.1453193228,20.7924510911,needs_id,0,Vladimir Hemala,https://www.inaturalist.org/observations/233450776?locale=sk,https://inaturalist-open-data.s3.amazonaws.com/photos/414889619/small.jpeg
233450243,2024-07-28,Arion vulgaris,slizovec iberský,Mollusca,"Tichý Potok 73, 082 74 Tichý Potok, Slovensko",49.1471334918,20.7863856107,needs_id,1,Vladimir Hemala,https://www.inaturalist.org/observations/233450243?locale=sk,https://inaturalist-open-data.s3.amazonaws.com/photos/414888790/small.jpeg
233450110,2024-07-28,Olethreutini,,Insecta,"Tichý Potok 72, 082 74 Tichý Potok, Slovensko",49.1474291213,20.7859202474,needs_id,0,Vladimir Hemala,https://www.inaturalist.org/observations/233450110?locale=sk,https://inaturalist-open-data.s3.amazonaws.com/photos/414888416/small.jpeg
232229664,2024-07-28,Bombus hortorum,čmeľ záhradný,Insecta,"Brezovica 572, 082 74 Brezovica, Slovensko",49.1475471095,20.8615390956,research,1,Benjamín Jarčuška,https://www.inaturalist.org/observations/232229664?locale=sk,https://static.inaturalist.org/photos/412557315/small.jpeg
233449888,2024-07-27,Magnoliopsida,magnoliidy,Plantae,"Tichý Potok 72, 082 74 Tichý Potok, Slovensko",49.1474335075,20.7859896496,needs_id,3,Vladimir Hemala,https://www.inaturalist.org/observations/233449888?locale=sk,https://inaturalist-open-data.s3.amazonaws.com/photos/414888133/small.jpeg
333913304,2024-07-27,Ononis arvensis,ihlica roľná,Plantae,"065 45 Hromoš, Slovensko",49.2501861111,20.7937916667,research,1,Lucie Stárková,https://www.inaturalist.org/observations/333913304?locale=sk,https://inaturalist-open-data.s3.amazonaws.com/photos/606270437/small.jpg
232230261,2024-07-27,Natrix natrix,užovka obojková,Reptilia,"082 74 Brezovica, Slovensko",49.1403102749,20.8082687482,research,1,Martin Hromada,https://www.inaturalist.org/observations/232230261?locale=sk,https://static.inaturalist.org/photos/412730304/small.jpeg
233331666,2024-07-27,Chrysotoxum bicinctum,pestrica dvojpásová,Insecta,"Blažov, Tichý Potok, PV, SK",49.15028005,20.73319425,research,1,Silvi Karin Tkáčová,https://www.inaturalist.org/observations/233331666?locale=sk,https://static.inaturalist.org/photos/414658854/small.jpeg
233449732,2024-07-27,Vespula germanica,osa útočná,Insecta,"Tichý Potok 72, 082 74 Tichý Potok, Slovensko",49.1474337268,20.7858196646,needs_id,1,Vladimir Hemala,https://www.inaturalist.org/observations/233449732?locale=sk,https://inaturalist-open-data.s3.amazonaws.com/photos/414887786/small.jpeg
233331281,2024-07-27,Araschnia levana,babôčka sieťkovaná,Insecta,"Blažov, Tichý Potok, PV, SK",49.15028005,20.73319425,research,2,Silvi Karin Tkáčová,https://www.inaturalist.org/observations/233331281?locale=sk,https://static.inaturalist.org/photos/414657992/small.jpeg
233449389,2024-07-27,Erigeron canadensis,turica kanadská,Plantae,"082 71 Lipany, Slovensko",49.1522536868,20.9595832229,research,2,Vladimir Hemala,https://www.inaturalist.org/observations/233449389?locale=sk,https://inaturalist-open-data.s3.amazonaws.com/photos/414887306/small.jpeg
236168985,2024-07-27,Hippodamia variegata,lienka pestrá,Insecta,"Blažov, Tichý Potok, PV, SK",49.15028005,20.73319425,research,1,Silvi Karin Tkáčová,https://www.inaturalist.org/observations/236168985?locale=sk,https://static.inaturalist.org/photos/420123615/small.jpeg
