id,observed_on,taxon_name,common_name,iconic_taxon,place_guess,latitude,longitude,quality_grade,num_identification_agreements,user,url,photo_url
386826618,2026-07-31,Corbicula fluminea,korbikula ázijská,Mollusca,"076 35 Svätá Mária, Slovensko",48.4544197,21.8192833997,needs_id,0,Martin Hromada,https://www.inaturalist.org/observations/386826618?locale=sk,https://static.inaturalist.org/photos/708292550/small.jpg
386826756,2026-07-31,Sagittaria sagittifolia,šípovka vodná,Plantae,"076 34 Zemplín, Slovensko",48.4303489997,21.8065703,research,1,Martin Hromada,https://www.inaturalist.org/observations/386826756?locale=sk,https://static.inaturalist.org/photos/708292947/small.jpg
386814704,2026-07-31,Utricularia × neglecta,bublinatka nebadaná,Plantae,"Kucany, Oborín, Košice, SK",48.4918269558,21.8386952581,needs_id,0,Martin Lukáň,https://www.inaturalist.org/observations/386814704?locale=sk,https://inaturalist-open-data.s3.amazonaws.com/photos/708268488/small.jpg
386813785,2026-07-31,Euplagia quadripunctaria,spriadač kostihojový,Insecta,"076 31 Streda nad Bodrogom, Slovensko",48.3741167,21.7787633,needs_id,1,Martin Celuch,https://www.inaturalist.org/observations/386813785?locale=sk,https://inaturalist-open-data.s3.amazonaws.com/photos/708267180/small.jpg
386814138,2026-07-31,Myriophyllum verticillatum,stolístok praslenatý,Plantae,"FRRQ+JH, 076 75 Oborín, Slovensko",48.491955,21.83769828,needs_id,0,Martina Hajdukova,https://www.inaturalist.org/observations/386814138?locale=sk,https://inaturalist-open-data.s3.amazonaws.com/photos/708267598/small.jpg
386813393,2026-07-31,Sium latifolium,potočník širokolistý,Plantae,"Kucany, Oborín, Košice, SK",48.4918828089,21.838549332,needs_id,0,Martin Lukáň,https://www.inaturalist.org/observations/386813393?locale=sk,https://inaturalist-open-data.s3.amazonaws.com/photos/708266338/small.jpg
386813336,2026-07-31,Alisma plantago-aquatica,žabník skorocelový,Plantae,"FRRQ+JH, 076 75 Oborín, Slovensko",48.49195414,21.83769798,research,1,Martina Hajdukova,https://www.inaturalist.org/observations/386813336?locale=sk,https://inaturalist-open-data.s3.amazonaws.com/photos/708266239/small.jpg
386813226,2026-07-31,Unionidae,korýtkovité,Mollusca,"Oborín, Košice, SK",48.4918961136,21.8385170036,needs_id,0,Martin Lukáň,https://www.inaturalist.org/observations/386813226?locale=sk,https://inaturalist-open-data.s3.amazonaws.com/photos/708265951/small.jpg
386812980,2026-07-31,Sparganium erectum,ježohlav vzpriamený,Plantae,"Oborín, Košice, SK",48.4919916906,21.8377357484,research,1,Martin Lukáň,https://www.inaturalist.org/observations/386812980?locale=sk,https://inaturalist-open-data.s3.amazonaws.com/photos/708265473/small.jpg
386813235,2026-07-31,Sparganium erectum,ježohlav vzpriamený,Plantae,"FRRQ+JH, 076 75 Oborín, Slovensko",48.49193786,21.83770479,needs_id,0,Martina Hajdukova,https://www.inaturalist.org/observations/386813235?locale=sk,https://inaturalist-open-data.s3.amazonaws.com/photos/708266021/small.jpg
386812546,2026-07-31,Mentha aquatica,mäta vodná,Plantae,"FRRQ+JH, 076 75 Oborín, Slovensko",48.49188126,21.83785981,research,1,Martina Hajdukova,https://www.inaturalist.org/observations/386812546?locale=sk,https://inaturalist-open-data.s3.amazonaws.com/photos/708264760/small.jpg
386809957,2026-07-31,Euphrosyne,iva,Plantae,"076 05 Brehov, Slovensko",48.48005853,21.79700846,needs_id,0,Martina Hajdukova,https://www.inaturalist.org/observations/386809957?locale=sk,https://inaturalist-open-data.s3.amazonaws.com/photos/708264718/small.jpg
386809658,2026-07-31,Bombus pascuorum,čmeľ poľný,Insecta,"Cesta 3663, Brehov, Košice, SK",48.4803855094,21.7964399792,research,1,Martin Lukáň,https://www.inaturalist.org/observations/386809658?locale=sk,https://inaturalist-open-data.s3.amazonaws.com/photos/708259497/small.jpg
386809450,2026-07-31,Pieris rapae,mlynárik repový,Insecta,"076 05 Brehov, Slovensko",48.4802021,21.79664705,needs_id,0,Martina Hajdukova,https://www.inaturalist.org/observations/386809450?locale=sk,https://inaturalist-open-data.s3.amazonaws.com/photos/708258988/small.jpg
386808998,2026-07-31,Anchusa officinalis,smohla lekárska,Plantae,"Cejkov, Košice, SK",48.4818882181,21.7944106528,research,1,Martin Lukáň,https://www.inaturalist.org/observations/386808998?locale=sk,https://inaturalist-open-data.s3.amazonaws.com/photos/708258019/small.jpg
386807222,2026-07-31,Spirodela polyrhiza,žabnička mnohokoreňová,Plantae,"Cejkov, Košice, SK",48.4816522335,21.7941791272,needs_id,0,Martin Lukáň,https://www.inaturalist.org/observations/386807222?locale=sk,https://inaturalist-open-data.s3.amazonaws.com/photos/708254088/small.jpg
386806521,2026-07-31,Arctium,lopúch,Plantae,"076 05 Cejkov, Slovensko",48.48148142,21.79478158,needs_id,0,Martina Hajdukova,https://www.inaturalist.org/observations/386806521?locale=sk,https://inaturalist-open-data.s3.amazonaws.com/photos/708253124/small.jpg
386805671,2026-07-31,Succinea putris,jantárovka veľká,Mollusca,"Cejkov, Košice, SK",48.4808564629,21.7952145019,needs_id,0,Martin Lukáň,https://www.inaturalist.org/observations/386805671?locale=sk,https://inaturalist-open-data.s3.amazonaws.com/photos/708251308/small.jpg
386805594,2026-07-31,Calystegia sepium,povoja plotná,Plantae,"Cejkov, Košice, SK",48.4808564629,21.7952145019,needs_id,0,Martin Lukáň,https://www.inaturalist.org/observations/386805594?locale=sk,https://inaturalist-open-data.s3.amazonaws.com/photos/708251181/small.jpg
386804945,2026-07-31,Fomes,práchnovec,Fungi,"Cejkov, Košice, SK",48.4808564629,21.7952145019,needs_id,2,Martin Lukáň,https://www.inaturalist.org/observations/386804945?locale=sk,https://inaturalist-open-data.s3.amazonaws.com/photos/708249979/small.jpg
386804817,2026-07-31,Stachys palustris,čistec močiarny,Plantae,"Cejkov, Košice, SK",48.4802320791,21.7913343942,research,1,Martin Lukáň,https://www.inaturalist.org/observations/386804817?locale=sk,https://inaturalist-open-data.s3.amazonaws.com/photos/708249695/small.jpg
386804083,2026-07-31,Carex,ostrica,Plantae,"Cesta 3663, Brehov, Košice, SK",48.4805042809,21.7959484644,needs_id,0,Martin Lukáň,https://www.inaturalist.org/observations/386804083?locale=sk,https://inaturalist-open-data.s3.amazonaws.com/photos/708248273/small.jpg
386804320,2026-07-31,Carex acuta,ostrica štíhla,Plantae,"076 05 Cejkov, Slovensko",48.48070523,21.7953741,needs_id,0,Martina Hajdukova,https://www.inaturalist.org/observations/386804320?locale=sk,https://inaturalist-open-data.s3.amazonaws.com/photos/708248778/small.jpg
386804037,2026-07-31,Lycopus europaeus,karbinec európsky,Plantae,"Cesta 3663, Brehov, Košice, SK",48.4805042809,21.7959484644,needs_id,0,Martin Lukáň,https://www.inaturalist.org/observations/386804037?locale=sk,https://inaturalist-open-data.s3.amazonaws.com/photos/708248147/small.jpg
386803633,2026-07-31,Carex acutiformis,ostrica ostrá,Plantae,"Cesta 3663, Brehov, Košice, SK",48.4805042809,21.7959484644,needs_id,0,Martin Lukáň,https://www.inaturalist.org/observations/386803633?locale=sk,https://inaturalist-open-data.s3.amazonaws.com/photos/708247472/small.jpg
386803336,2026-07-31,Phragmites australis,trsť obyčajná,Plantae,"Cesta 3663, Brehov, Košice, SK",48.4805042809,21.7959484644,needs_id,0,Martin Lukáň,https://www.inaturalist.org/observations/386803336?locale=sk,https://inaturalist-open-data.s3.amazonaws.com/photos/708247000/small.jpg
386803087,2026-07-31,Echinocystis lobata,ježatec laločnatý,Plantae,"Cesta 3663, Brehov, Košice, SK",48.4805042809,21.7959484644,needs_id,0,Martin Lukáň,https://www.inaturalist.org/observations/386803087?locale=sk,https://inaturalist-open-data.s3.amazonaws.com/photos/708246523/small.jpg
386802915,2026-07-31,Caltha palustris,záružlie močiarne,Plantae,"076 05 Cejkov, Slovensko",48.48039736,21.79569955,needs_id,0,Martina Hajdukova,https://www.inaturalist.org/observations/386802915?locale=sk,https://inaturalist-open-data.s3.amazonaws.com/photos/708248125/small.jpg
386802934,2026-07-31,Circaea lutetiana,čarovník obyčajný,Plantae,"Cesta 3663, Brehov, Košice, SK",48.4805042809,21.7959484644,needs_id,0,Martin Lukáň,https://www.inaturalist.org/observations/386802934?locale=sk,https://inaturalist-open-data.s3.amazonaws.com/photos/708246195/small.jpg
386682880,2026-07-30,Gryllotalpa,medvedík,Insecta,"Malá Bara 64, 076 32 Bara, Slovensko",48.42251,21.7380369722,needs_id,0,Martin Celuch,https://www.inaturalist.org/observations/386682880?locale=sk,https://inaturalist-open-data.s3.amazonaws.com/photos/708010014/small.jpg
386797327,2026-07-30,Lampyridae,svietivkovité,Insecta,"Malá Bara, Bara, Košický kraj, SK",48.4225283333,21.7378466667,needs_id,0,Ludka Reiterova,https://www.inaturalist.org/observations/386797327?locale=sk,https://inaturalist-open-data.s3.amazonaws.com/photos/708234838/small.jpg
386546727,2026-07-30,Sagittaria sagittifolia,šípovka vodná,Plantae,"Cesta 3685, Ladmovce, Košice, SK",48.4179856349,21.7838556413,needs_id,0,Martin Lukáň,https://www.inaturalist.org/observations/386546727?locale=sk,https://inaturalist-open-data.s3.amazonaws.com/photos/707759540/small.jpg
386545260,2026-07-30,Cygnus olor,labuť veľká,Aves,"Somotor, Košice, SK",48.4186443687,21.7866916582,research,1,Martin Lukáň,https://www.inaturalist.org/observations/386545260?locale=sk,https://inaturalist-open-data.s3.amazonaws.com/photos/707756773/small.jpg
386594366,2026-07-30,Lacerta agilis,jašterica krátkohlavá,Reptilia,"076 03 Sirník, Slovensko",48.5215226997,21.8159662997,research,2,Stanislav Greš,https://www.inaturalist.org/observations/386594366?locale=sk,https://static.inaturalist.org/photos/707850521/small.jpg
386703337,2026-07-30,Rana dalmatina,skokan štíhly,Amphibia,"076 53 Zatín, Slovensko",48.4893836944,21.8685626944,needs_id,0,Miro Demko,https://www.inaturalist.org/observations/386703337?locale=sk,https://inaturalist-open-data.s3.amazonaws.com/photos/708047279/small.jpg
386539208,2026-07-30,Eryngium campestre,kotúč poľný,Plantae,"076 34 Ladmovce, Slovensko",48.4122125161,21.7654431984,research,1,Vladimir Hemala,https://www.inaturalist.org/observations/386539208?locale=sk,https://inaturalist-open-data.s3.amazonaws.com/photos/707744538/small.jpg
386539461,2026-07-30,Eryngium campestre,kotúč poľný,Plantae,"076 34 Ladmovce, Slovensko",48.4121746834,21.765515618,research,2,Vladimir Hemala,https://www.inaturalist.org/observations/386539461?locale=sk,https://inaturalist-open-data.s3.amazonaws.com/photos/707744926/small.jpg
386526917,2026-07-30,Geotrupes spiniger,,Insecta,"076 52 Strážne, Slovensko",48.3779208997,21.8554206997,needs_id,0,Martin Hromada,https://www.inaturalist.org/observations/386526917?locale=sk,https://static.inaturalist.org/photos/707858565/small.jpg
386530618,2026-07-30,Leuciscus aspius,Boleň dravý,Actinopterygii,"Zemplín, Košice, SK",48.4560810006,21.8177792219,needs_id,0,Martin Lukáň,https://www.inaturalist.org/observations/386530618?locale=sk,https://inaturalist-open-data.s3.amazonaws.com/photos/707727292/small.jpg
386587088,2026-07-30,Oedipoda caerulescens,koník modrokrídly,Insecta,"076 34 Ladmovce, Slovensko",48.4061925357,21.7591718584,research,1,Vladimir Hemala,https://www.inaturalist.org/observations/386587088?locale=sk,https://inaturalist-open-data.s3.amazonaws.com/photos/707837855/small.jpg
386523948,2026-07-30,Geotrupes spiniger,,Insecta,"Veľký Kamenec 174, 076 36 Veľký Kamenec, Slovensko",48.3647582,21.8270746,needs_id,1,Martin Celuch,https://www.inaturalist.org/observations/386523948?locale=sk,https://inaturalist-open-data.s3.amazonaws.com/photos/707714368/small.jpg
386531197,2026-07-30,Squalius cephalus,jalec hlavatý,Actinopterygii,"Zemplín, Košice, SK",48.4559626088,21.8179938762,needs_id,0,Martin Lukáň,https://www.inaturalist.org/observations/386531197?locale=sk,https://inaturalist-open-data.s3.amazonaws.com/photos/707728506/small.jpg
386523312,2026-07-30,Onopordum acanthium,ostropes obyčajný,Plantae,"076 52 Strážne, Slovensko",48.3775211,21.8559725,needs_id,0,Martin Hromada,https://www.inaturalist.org/observations/386523312?locale=sk,https://static.inaturalist.org/photos/707713477/small.jpg
386586724,2026-07-30,Oecanthus pellucens,Jesienka spevavá,Insecta,"CQ55+RQ, 076 34 Ladmovce, Slovensko",48.4100172832,21.7596851662,research,1,Vladimir Hemala,https://www.inaturalist.org/observations/386586724?locale=sk,https://inaturalist-open-data.s3.amazonaws.com/photos/707837173/small.jpg
386586040,2026-07-30,Apoidea,včely,Insecta,"CQ55+RQ, 076 34 Ladmovce, Slovensko",48.4098695067,21.7603885755,needs_id,0,Vladimir Hemala,https://www.inaturalist.org/observations/386586040?locale=sk,https://inaturalist-open-data.s3.amazonaws.com/photos/707835851/small.jpg
386522070,2026-07-30,Oryctes nasicornis,nosorožtek obyčajný,Insecta,"Strážne, Strážne, Košický kraj, SK",48.3774633333,21.858545,research,2,Ludka Reiterova,https://www.inaturalist.org/observations/386522070?locale=sk,https://inaturalist-open-data.s3.amazonaws.com/photos/707711156/small.jpg
386555559,2026-07-30,Chamaenerion dodonaei,kyprina štrkovisková,Plantae,"CQ55+RQ, 076 34 Ladmovce, Slovensko",48.4098835276,21.7604318261,research,2,Vladimir Hemala,https://www.inaturalist.org/observations/386555559?locale=sk,https://inaturalist-open-data.s3.amazonaws.com/photos/707776871/small.jpg
386522537,2026-07-30,Oryctes nasicornis,nosorožtek obyčajný,Insecta,"Strážne 243, 076 52 Strážne, Slovensko",48.3778638,21.8585315,research,1,Martin Hromada,https://www.inaturalist.org/observations/386522537?locale=sk,https://static.inaturalist.org/photos/707712086/small.jpg
386553968,2026-07-30,Julidae,,Animalia,"CQ55+RQ, 076 34 Ladmovce, Slovensko",48.4096836725,21.7607603967,needs_id,0,Vladimir Hemala,https://www.inaturalist.org/observations/386553968?locale=sk,https://inaturalist-open-data.s3.amazonaws.com/photos/707774472/small.jpg
386542259,2026-07-30,Oedipoda caerulescens,koník modrokrídly,Insecta,"CQ55+RQ, 076 34 Ladmovce, Slovensko",48.408946561,21.7611791566,research,1,Vladimir Hemala,https://www.inaturalist.org/observations/386542259?locale=sk,https://inaturalist-open-data.s3.amazonaws.com/photos/707750795/small.jpg
386542024,2026-07-30,Tortella tortuosa,závitovka skrútená,Plantae,"CQ55+RQ, 076 34 Ladmovce, Slovensko",48.4087803088,21.7608589679,needs_id,0,Vladimir Hemala,https://www.inaturalist.org/observations/386542024?locale=sk,https://inaturalist-open-data.s3.amazonaws.com/photos/707750164/small.jpg
386541469,2026-07-30,Pentanema ensifolium,oman mečolistý,Plantae,"CQ55+RQ, 076 34 Ladmovce, Slovensko",48.408884912,21.7610574514,needs_id,0,Vladimir Hemala,https://www.inaturalist.org/observations/386541469?locale=sk,https://inaturalist-open-data.s3.amazonaws.com/photos/707748885/small.jpg
386541170,2026-07-30,Onopordum acanthium,ostropes obyčajný,Plantae,"CQ55+RQ, 076 34 Ladmovce, Slovensko",48.4088150281,21.7621323466,research,1,Vladimir Hemala,https://www.inaturalist.org/observations/386541170?locale=sk,https://inaturalist-open-data.s3.amazonaws.com/photos/707748323/small.jpg
386518130,2026-07-30,Araneae,pavúky,Arachnida,"Bara 52, 076 32 Bara, Slovensko",48.4217398946,21.7368749902,needs_id,0,Michal Klement,https://www.inaturalist.org/observations/386518130?locale=sk,https://static.inaturalist.org/photos/707703505/small.jpg
386687661,2026-07-30,Macrothylacia rubi,priadkovec černicový,Insecta,"076 31 Streda nad Bodrogom, Slovensko",48.3829231502,21.7897128314,needs_id,0,Vladimir Hemala,https://www.inaturalist.org/observations/386687661?locale=sk,https://inaturalist-open-data.s3.amazonaws.com/photos/708018821/small.jpg
386516107,2026-07-30,Macrothylacia rubi,priadkovec černicový,Insecta,"076 31 Streda nad Bodrogom, Slovensko",48.3828867,21.7898645,needs_id,0,Martin Hromada,https://www.inaturalist.org/observations/386516107?locale=sk,https://static.inaturalist.org/photos/707700183/small.jpg
386685886,2026-07-30,Cannabis sativa,konopa siata,Plantae,"076 31 Streda nad Bodrogom, Slovensko",48.3829017735,21.7890131101,research,2,Vladimir Hemala,https://www.inaturalist.org/observations/386685886?locale=sk,https://inaturalist-open-data.s3.amazonaws.com/photos/708015619/small.jpg
386684836,2026-07-30,Ailanthus altissima,pajaseň žliazkatý,Plantae,"076 31 Streda nad Bodrogom, Slovensko",48.3827463472,21.7866651714,research,2,Vladimir Hemala,https://www.inaturalist.org/observations/386684836?locale=sk,https://inaturalist-open-data.s3.amazonaws.com/photos/708013549/small.jpg
386513962,2026-07-30,Pelophylax esculentus,skokan zelený,Amphibia,"076 31 Streda nad Bodrogom, Slovensko",48.3839250997,21.7837086,needs_id,0,Stanislav Greš,https://www.inaturalist.org/observations/386513962?locale=sk,https://static.inaturalist.org/photos/707695950/small.jpg
386840026,2026-07-30,Prunus cerasifera,slivka čerešňoplodá,Plantae,"Viničky, Viničky, Košice, SK",48.4013808286,21.7385174766,needs_id,0,Alexia,https://www.inaturalist.org/observations/386840026?locale=sk,https://inaturalist-open-data.s3.amazonaws.com/photos/708318228/small.jpg
386684253,2026-07-30,Rhagonycha fulva,snehuľčík žltý,Insecta,"076 31 Streda nad Bodrogom, Slovensko",48.3840768076,21.7837261409,needs_id,0,Vladimir Hemala,https://www.inaturalist.org/observations/386684253?locale=sk,https://inaturalist-open-data.s3.amazonaws.com/photos/708012429/small.jpg
386596685,2026-07-30,Bidens tripartita,dvojzub trojdielny,Plantae,"076 31 Streda nad Bodrogom, Slovensko",48.3840681235,21.7836973071,needs_id,1,Vladimir Hemala,https://www.inaturalist.org/observations/386596685?locale=sk,https://inaturalist-open-data.s3.amazonaws.com/photos/707854165/small.jpg
386596409,2026-07-30,Heliophanus,,Arachnida,"076 31 Streda nad Bodrogom, Slovensko",48.3840874957,21.7838304117,needs_id,0,Vladimir Hemala,https://www.inaturalist.org/observations/386596409?locale=sk,https://inaturalist-open-data.s3.amazonaws.com/photos/707853530/small.jpg
386596060,2026-07-30,Rumex maritimus,štiavec prímorský,Plantae,"076 31 Streda nad Bodrogom, Slovensko",48.3840705729,21.7838401347,needs_id,0,Vladimir Hemala,https://www.inaturalist.org/observations/386596060?locale=sk,https://inaturalist-open-data.s3.amazonaws.com/photos/707852917/small.jpg
386595455,2026-07-30,Persicaria,horčiak,Plantae,"076 31 Streda nad Bodrogom, Slovensko",48.3840719089,21.7837127298,needs_id,0,Vladimir Hemala,https://www.inaturalist.org/observations/386595455?locale=sk,https://inaturalist-open-data.s3.amazonaws.com/photos/707852100/small.jpg
386595049,2026-07-30,Cteniopus sulphureus,,Insecta,"076 31 Streda nad Bodrogom, Slovensko",48.3842110764,21.7840862274,research,1,Vladimir Hemala,https://www.inaturalist.org/observations/386595049?locale=sk,https://inaturalist-open-data.s3.amazonaws.com/photos/707851367/small.jpg
386594752,2026-07-30,Paederus,drobčík,Insecta,"076 31 Streda nad Bodrogom, Slovensko",48.3842173111,21.7840342596,needs_id,0,Vladimir Hemala,https://www.inaturalist.org/observations/386594752?locale=sk,https://inaturalist-open-data.s3.amazonaws.com/photos/707850946/small.jpg
386543491,2026-07-30,Rana dalmatina,skokan štíhly,Amphibia,"076 31 Streda nad Bodrogom, Slovensko",48.3833660455,21.7845002934,needs_id,1,Vladimir Hemala,https://www.inaturalist.org/observations/386543491?locale=sk,https://inaturalist-open-data.s3.amazonaws.com/photos/707753323/small.jpg
386593087,2026-07-30,Argiope bruennichi,križiak pásavý,Arachnida,"076 31 Streda nad Bodrogom, Slovensko",48.3818614327,21.7853146791,needs_id,0,Vladimir Hemala,https://www.inaturalist.org/observations/386593087?locale=sk,https://inaturalist-open-data.s3.amazonaws.com/photos/707848367/small.jpg
386589675,2026-07-30,Tytthaspis sedecimpunctata,,Insecta,"076 31 Streda nad Bodrogom, Slovensko",48.3817235948,21.7852908745,needs_id,0,Vladimir Hemala,https://www.inaturalist.org/observations/386589675?locale=sk,https://inaturalist-open-data.s3.amazonaws.com/photos/707842598/small.jpg
386589334,2026-07-30,Bidens connata,dvojzub zrastený,Plantae,"076 31 Streda nad Bodrogom, Slovensko",48.38378667,21.7843437195,needs_id,0,Vladimir Hemala,https://www.inaturalist.org/observations/386589334?locale=sk,https://inaturalist-open-data.s3.amazonaws.com/photos/707841823/small.jpg
386587846,2026-07-30,Gypsophila paniculata,gypsomilka metlinatá,Plantae,"076 31 Streda nad Bodrogom, Slovensko",48.3816449892,21.7853716761,needs_id,0,Vladimir Hemala,https://www.inaturalist.org/observations/386587846?locale=sk,https://inaturalist-open-data.s3.amazonaws.com/photos/707839162/small.jpg
386551472,2026-07-30,Coccinula quatuordecimpustulata,lienka štrnásťškvrnná,Insecta,"076 31 Streda nad Bodrogom, Slovensko",48.3818921622,21.7853881046,needs_id,0,Vladimir Hemala,https://www.inaturalist.org/observations/386551472?locale=sk,https://inaturalist-open-data.s3.amazonaws.com/photos/707768894/small.jpg
386507879,2026-07-30,Melica transsilvanica,mednička sedmohradská,Plantae,"076 31 Streda nad Bodrogom, Slovensko",48.3819118997,21.7852677997,needs_id,0,Martin Hromada,https://www.inaturalist.org/observations/386507879?locale=sk,https://static.inaturalist.org/photos/707684064/small.jpg
386551062,2026-07-30,Saponaria officinalis,mydlica lekárska,Plantae,"076 31 Streda nad Bodrogom, Slovensko",48.382137998,21.7853991687,research,2,Vladimir Hemala,https://www.inaturalist.org/observations/386551062?locale=sk,https://inaturalist-open-data.s3.amazonaws.com/photos/707768120/small.jpg
386545712,2026-07-30,Coreus marginatus,obrubnica štiavová,Insecta,"076 31 Streda nad Bodrogom, Slovensko",48.3822520083,21.7855195329,needs_id,0,Vladimir Hemala,https://www.inaturalist.org/observations/386545712?locale=sk,https://inaturalist-open-data.s3.amazonaws.com/photos/707757723/small.jpg
386506966,2026-07-30,Dianthus membranaceus,,Plantae,"076 31 Streda nad Bodrogom, Slovensko",48.3822449,21.7854904,needs_id,0,Martin Hromada,https://www.inaturalist.org/observations/386506966?locale=sk,https://static.inaturalist.org/photos/707681887/small.jpg
386655241,2026-07-30,Idaea muricata,piadica červená,Insecta,"076 31 Streda nad Bodrogom, Slovensko",48.382708938,21.7875030264,needs_id,0,Žofia Filagová,https://www.inaturalist.org/observations/386655241?locale=sk,https://inaturalist-open-data.s3.amazonaws.com/photos/707958266/small.jpg
386505538,2026-07-30,Maniola jurtina,očkáň lúčny,Insecta,"076 31 Streda nad Bodrogom, Slovensko",48.3822338,21.7855218997,needs_id,0,Martin Hromada,https://www.inaturalist.org/observations/386505538?locale=sk,https://static.inaturalist.org/photos/707680744/small.jpg
386505394,2026-07-30,Euchorthippus pulvinatus,koník žltý,Insecta,"076 31 Streda nad Bodrogom, Slovensko",48.3822144,21.7855336997,research,1,Martin Hromada,https://www.inaturalist.org/observations/386505394?locale=sk,https://static.inaturalist.org/photos/707679078/small.jpg
386505226,2026-07-30,Chondrilla juncea,chondrila prútnatá,Plantae,"076 31 Streda nad Bodrogom, Slovensko",48.3822315,21.7855248,needs_id,0,Martin Hromada,https://www.inaturalist.org/observations/386505226?locale=sk,https://static.inaturalist.org/photos/707678792/small.jpg
386545233,2026-07-30,Dolycoris baccarum,bzdocha obyčajná,Insecta,"076 31 Streda nad Bodrogom, Slovensko",48.3822611381,21.7855497077,needs_id,0,Vladimir Hemala,https://www.inaturalist.org/observations/386545233?locale=sk,https://inaturalist-open-data.s3.amazonaws.com/photos/707756749/small.jpg
386544986,2026-07-30,Gypsophila paniculata,gypsomilka metlinatá,Plantae,"076 31 Streda nad Bodrogom, Slovensko",48.3822611381,21.7855292559,needs_id,0,Vladimir Hemala,https://www.inaturalist.org/observations/386544986?locale=sk,https://inaturalist-open-data.s3.amazonaws.com/photos/707756164/small.jpg
386543253,2026-07-30,Ambrosia artemisiifolia,ambrózia palinolistá,Plantae,"076 31 Streda nad Bodrogom, Slovensko",48.3829093444,21.7891633138,research,1,Vladimir Hemala,https://www.inaturalist.org/observations/386543253?locale=sk,https://inaturalist-open-data.s3.amazonaws.com/photos/707752801/small.jpg
386542982,2026-07-30,Caucasotachea vindobonensis,pásikavec lesostepný,Mollusca,"076 31 Streda nad Bodrogom, Slovensko",48.3829093444,21.7891673371,needs_id,0,Vladimir Hemala,https://www.inaturalist.org/observations/386542982?locale=sk,https://inaturalist-open-data.s3.amazonaws.com/photos/707752474/small.jpg
386542778,2026-07-30,Urtica dioica,pŕhľava dvojdomá,Plantae,"076 31 Streda nad Bodrogom, Slovensko",48.3829066723,21.7898103967,research,1,Vladimir Hemala,https://www.inaturalist.org/observations/386542778?locale=sk,https://inaturalist-open-data.s3.amazonaws.com/photos/707751983/small.jpg
386502483,2026-07-30,Neogobius fluviatilis,Býčko piesočný,Actinopterygii,"Hlavná, Ladmovce, Košice, SK",48.4162342879,21.7818807732,needs_id,0,Martin Lukáň,https://www.inaturalist.org/observations/386502483?locale=sk,https://inaturalist-open-data.s3.amazonaws.com/photos/707673502/small.jpg
386539911,2026-07-30,Asclepias syriaca,Glejovka americká,Plantae,"076 31 Streda nad Bodrogom, Slovensko",48.3884536097,21.7879955471,research,1,Vladimir Hemala,https://www.inaturalist.org/observations/386539911?locale=sk,https://inaturalist-open-data.s3.amazonaws.com/photos/707745959/small.jpg
386540569,2026-07-30,Catocala,stužkavec,Insecta,"Bara 52, 076 32 Bara, Slovensko",48.4216123999,21.7379270867,needs_id,0,Vladimir Hemala,https://www.inaturalist.org/observations/386540569?locale=sk,https://inaturalist-open-data.s3.amazonaws.com/photos/707747006/small.jpg
386496134,2026-07-30,Scorzonerinae,,Plantae,"Hlavná, Viničky, Košice, SK",48.3986592293,21.7379108258,needs_id,0,Alexia,https://www.inaturalist.org/observations/386496134?locale=sk,https://inaturalist-open-data.s3.amazonaws.com/photos/707660519/small.jpg
386539643,2026-07-30,Pyrrhocoris apterus,Cifruša Bezkrídla,Insecta,"Viničky 415, 076 31 Viničky, Slovensko",48.3974189004,21.7301597446,research,1,Vladimir Hemala,https://www.inaturalist.org/observations/386539643?locale=sk,https://inaturalist-open-data.s3.amazonaws.com/photos/707745301/small.jpg
386489618,2026-07-30,Lucanus cervus,roháč veľký,Insecta,"Bara, Košice, SK",48.4214187545,21.7287553741,research,2,Martin Lukáň,https://www.inaturalist.org/observations/386489618?locale=sk,https://inaturalist-open-data.s3.amazonaws.com/photos/707648539/small.jpg
386484623,2026-07-30,Coenagrionoidea,,Insecta,"Viničky 309, 076 31 Viničky, Slovensko",48.3975909775,21.7295113206,needs_id,0,Vladimir Hemala,https://www.inaturalist.org/observations/386484623?locale=sk,https://inaturalist-open-data.s3.amazonaws.com/photos/707638446/small.jpg
386375686,2026-07-29,Carabus cancellatus,bystruška medená,Insecta,"Beša, Košice, SK",48.5278130444,21.9728150753,research,1,Martin Lukáň,https://www.inaturalist.org/observations/386375686?locale=sk,https://inaturalist-open-data.s3.amazonaws.com/photos/707427549/small.jpg
386375893,2026-07-29,Oenothera,pupalka,Plantae,"Beša, Košice, SK",48.5274171841,21.9738310311,needs_id,0,Martin Lukáň,https://www.inaturalist.org/observations/386375893?locale=sk,https://inaturalist-open-data.s3.amazonaws.com/photos/707428069/small.jpg
386492064,2026-07-29,Lampyris noctiluca,svietivka svätojánska,Insecta,"Beša, Košice, SK",48.5279447213,21.9737120345,needs_id,0,Martin Lukáň,https://www.inaturalist.org/observations/386492064?locale=sk,https://inaturalist-open-data.s3.amazonaws.com/photos/707653244/small.jpg
386359612,2026-07-29,Boloria selene,perlovec dvanásťškvrnný,Insecta,"Beša, Košice, SK",48.5279192528,21.9734436933,needs_id,0,Martin Lukáň,https://www.inaturalist.org/observations/386359612?locale=sk,https://inaturalist-open-data.s3.amazonaws.com/photos/707396383/small.jpg
386357715,2026-07-29,Hogna radiata,strehúň južný,Arachnida,"Beša, Košice, SK",48.5271872592,21.9717777182,needs_id,0,Martin Lukáň,https://www.inaturalist.org/observations/386357715?locale=sk,https://inaturalist-open-data.s3.amazonaws.com/photos/707393042/small.jpg
386354863,2026-07-29,Natrix natrix,užovka obojková,Reptilia,"Beša, Košice, SK",48.5271872592,21.9717777182,research,2,Martin Lukáň,https://www.inaturalist.org/observations/386354863?locale=sk,https://inaturalist-open-data.s3.amazonaws.com/photos/707387159/small.jpg
386354307,2026-07-29,Pelobates fuscus,Hrabavka škvrnitá,Amphibia,"Beša, Košice, SK",48.5271872592,21.9717777182,needs_id,0,Martin Lukáň,https://www.inaturalist.org/observations/386354307?locale=sk,https://inaturalist-open-data.s3.amazonaws.com/photos/707386061/small.jpg
386492031,2026-07-29,Macrothylacia rubi,priadkovec černicový,Insecta,"Beša, Košice, SK",48.52696292,21.9716283486,needs_id,0,Martin Lukáň,https://www.inaturalist.org/observations/386492031?locale=sk,https://inaturalist-open-data.s3.amazonaws.com/photos/707653148/small.jpg
386338458,2026-07-29,Mantis,modlivka,Insecta,"076 52 Strážne, Slovensko",48.37354924,21.82423038,needs_id,0,Martina Hajdukova,https://www.inaturalist.org/observations/386338458?locale=sk,https://inaturalist-open-data.s3.amazonaws.com/photos/707356018/small.jpg
386338324,2026-07-29,Calamagrostis epigejos,smlz kroviskový,Plantae,"076 52 Strážne, Slovensko",48.3734495,21.82417759,needs_id,0,Martina Hajdukova,https://www.inaturalist.org/observations/386338324?locale=sk,https://inaturalist-open-data.s3.amazonaws.com/photos/707355843/small.jpg
386289340,2026-07-29,Villa,,Insecta,"Trebišov, SK-KI, SK",48.4217216667,21.7378833333,needs_id,1,,https://www.inaturalist.org/observations/386289340?locale=sk,https://inaturalist-open-data.s3.amazonaws.com/photos/707265331/small.jpg
386386788,2026-07-29,Lucanus cervus,roháč veľký,Insecta,"Ladmovce 159, 076 34 Ladmovce, Slovensko",48.4037504224,21.7596435919,research,2,Vladimir Hemala,https://www.inaturalist.org/observations/386386788?locale=sk,https://inaturalist-open-data.s3.amazonaws.com/photos/707448904/small.jpg
386248662,2026-07-29,Dendrocopos major,ďateľ veľký,Aves,"Bara 52, 076 32 Bara, Slovensko",48.42057903,21.73752979,research,1,Martin Hromada,https://www.inaturalist.org/observations/386248662?locale=sk,https://static.inaturalist.org/photos/707189191/small.jpg
386804529,2026-07-29,Dociostaurus brevicollis,koník juhovýchodný,Insecta,"076 53 Zatín, Slovensko",48.4895285994,21.8767240271,research,1,Vladimir Hemala,https://www.inaturalist.org/observations/386804529?locale=sk,https://inaturalist-open-data.s3.amazonaws.com/photos/708249238/small.jpg
386803856,2026-07-29,Sympetrum sanguineum,vážka červená,Insecta,"076 53 Zatín, Slovensko",48.4899443462,21.8751512468,research,2,Vladimir Hemala,https://www.inaturalist.org/observations/386803856?locale=sk,https://inaturalist-open-data.s3.amazonaws.com/photos/708247759/small.jpg
386796287,2026-07-29,Aeshna affinis,Šidlo trstinové,Insecta,"076 53 Zatín, Slovensko",48.4900230066,21.8756477907,needs_id,1,Vladimir Hemala,https://www.inaturalist.org/observations/386796287?locale=sk,https://inaturalist-open-data.s3.amazonaws.com/photos/708232196/small.jpg
386796014,2026-07-29,Mentha pulegium,mäta sivá,Plantae,"076 53 Zatín, Slovensko",48.4900447826,21.8762305006,needs_id,0,Vladimir Hemala,https://www.inaturalist.org/observations/386796014?locale=sk,https://inaturalist-open-data.s3.amazonaws.com/photos/708231789/small.jpg
386795872,2026-07-29,Pentastirini,,Insecta,"076 53 Zatín, Slovensko",48.4899867873,21.8777006865,needs_id,0,Vladimir Hemala,https://www.inaturalist.org/observations/386795872?locale=sk,https://inaturalist-open-data.s3.amazonaws.com/photos/708231459/small.jpg
386794776,2026-07-29,Chorthippus oschei,koník ukrajinský,Insecta,"076 53 Zatín, Slovensko",48.489990787,21.877732873,needs_id,0,Vladimir Hemala,https://www.inaturalist.org/observations/386794776?locale=sk,https://inaturalist-open-data.s3.amazonaws.com/photos/708229127/small.jpg
386794470,2026-07-29,Attulus,,Arachnida,"076 53 Zatín, Slovensko",48.4897201411,21.8778461963,needs_id,0,Vladimir Hemala,https://www.inaturalist.org/observations/386794470?locale=sk,https://inaturalist-open-data.s3.amazonaws.com/photos/708228602/small.jpg
386794336,2026-07-29,Roeseliana roeselii,kobylôčka lúčna,Insecta,"076 53 Zatín, Slovensko",48.4897294737,21.8778425083,research,1,Vladimir Hemala,https://www.inaturalist.org/observations/386794336?locale=sk,https://inaturalist-open-data.s3.amazonaws.com/photos/708228290/small.jpg
386784959,2026-07-29,Metcalfa pruinosa,,Insecta,"076 53 Zatín, Slovensko",48.4897190301,21.8778716773,needs_id,0,Vladimir Hemala,https://www.inaturalist.org/observations/386784959?locale=sk,https://inaturalist-open-data.s3.amazonaws.com/photos/708209315/small.jpg
386784783,2026-07-29,Dendrocopos major,ďateľ veľký,Aves,"076 53 Zatín, Slovensko",48.4897301404,21.8777995929,needs_id,0,Vladimir Hemala,https://www.inaturalist.org/observations/386784783?locale=sk,https://inaturalist-open-data.s3.amazonaws.com/photos/708208947/small.jpg
386784594,2026-07-29,Phaneroptera nana,kobylka malá,Insecta,"076 53 Zatín, Slovensko",48.4896570346,21.8779390678,needs_id,0,Vladimir Hemala,https://www.inaturalist.org/observations/386784594?locale=sk,https://inaturalist-open-data.s3.amazonaws.com/photos/708208545/small.jpg
386784377,2026-07-29,Coreus marginatus,obrubnica štiavová,Insecta,"076 53 Zatín, Slovensko",48.4897125861,21.8778646365,needs_id,0,Vladimir Hemala,https://www.inaturalist.org/observations/386784377?locale=sk,https://inaturalist-open-data.s3.amazonaws.com/photos/708208088/small.jpg
386492013,2026-07-29,Argynnis paphia,perlovec striebristopásavý,Insecta,"Viničky, Viničky, Košice, SK",48.4198295736,21.7504321008,research,1,Martin Lukáň,https://www.inaturalist.org/observations/386492013?locale=sk,https://inaturalist-open-data.s3.amazonaws.com/photos/707653100/small.jpg
386784133,2026-07-29,Graphosoma italicum italicum,,Insecta,"076 53 Zatín, Slovensko",48.4896912543,21.8778706715,research,2,Vladimir Hemala,https://www.inaturalist.org/observations/386784133?locale=sk,https://inaturalist-open-data.s3.amazonaws.com/photos/708207710/small.jpg
386234956,2026-07-29,Rana dalmatina,skokan štíhly,Amphibia,"Cejkov 175, 076 05 Cejkov, Slovensko",48.4647295997,21.7629139997,needs_id,0,Martin Hromada,https://www.inaturalist.org/observations/386234956?locale=sk,https://static.inaturalist.org/photos/707162369/small.jpg
386783968,2026-07-29,Phalangiidae,,Arachnida,"076 53 Zatín, Slovensko",48.4897143638,21.8778572604,needs_id,0,Vladimir Hemala,https://www.inaturalist.org/observations/386783968?locale=sk,https://inaturalist-open-data.s3.amazonaws.com/photos/708207335/small.jpg
386234266,2026-07-29,Colias crocea,Žltáčik vičencový,Insecta,"Tokajská, Viničky, Košice, SK",48.4187147482,21.7521187127,research,1,Martin Lukáň,https://www.inaturalist.org/observations/386234266?locale=sk,https://inaturalist-open-data.s3.amazonaws.com/photos/707160929/small.jpg
386783791,2026-07-29,Rhaphigaster nebulosa,bzdocha sivastá,Insecta,"076 53 Zatín, Slovensko",48.4896888101,21.8778626248,research,1,Vladimir Hemala,https://www.inaturalist.org/observations/386783791?locale=sk,https://inaturalist-open-data.s3.amazonaws.com/photos/708206920/small.jpg
386783630,2026-07-29,Dictyophara europaea,ostročielka zelenkastá,Insecta,"076 53 Zatín, Slovensko",48.4897063643,21.8778636307,needs_id,0,Vladimir Hemala,https://www.inaturalist.org/observations/386783630?locale=sk,https://inaturalist-open-data.s3.amazonaws.com/photos/708206620/small.jpg
386233826,2026-07-29,Vanessa cardui,Babôčka bodliaková,Insecta,"Tokajská, Viničky, Košice, SK",48.4188187478,21.7520999536,research,1,Martin Lukáň,https://www.inaturalist.org/observations/386233826?locale=sk,https://inaturalist-open-data.s3.amazonaws.com/photos/707160238/small.jpg
386783505,2026-07-29,Mantis religiosa,modlivka zelená,Insecta,"076 53 Zatín, Slovensko",48.489716808,21.8778606132,research,1,Vladimir Hemala,https://www.inaturalist.org/observations/386783505?locale=sk,https://inaturalist-open-data.s3.amazonaws.com/photos/708206300/small.jpg
386783308,2026-07-29,Argiope bruennichi,križiak pásavý,Arachnida,"076 53 Zatín, Slovensko",48.4894383835,21.8776902929,research,1,Vladimir Hemala,https://www.inaturalist.org/observations/386783308?locale=sk,https://inaturalist-open-data.s3.amazonaws.com/photos/708205983/small.jpg
386689293,2026-07-29,Mentha pulegium,mäta sivá,Plantae,"076 53 Zatín, Slovensko",48.48937461,21.8777164444,needs_id,0,Vladimir Hemala,https://www.inaturalist.org/observations/386689293?locale=sk,https://inaturalist-open-data.s3.amazonaws.com/photos/708022106/small.jpg
386688587,2026-07-29,Glyceria maxima,steblovka vodná,Plantae,"076 53 Zatín, Slovensko",48.4890397426,21.8778036162,needs_id,0,Vladimir Hemala,https://www.inaturalist.org/observations/386688587?locale=sk,https://inaturalist-open-data.s3.amazonaws.com/photos/708020751/small.jpg
386389048,2026-07-29,Planorbarius corneus,kotúľka veľká,Mollusca,"076 53 Zatín, Slovensko",48.4889761909,21.8779119104,needs_id,0,Vladimir Hemala,https://www.inaturalist.org/observations/386389048?locale=sk,https://inaturalist-open-data.s3.amazonaws.com/photos/707453368/small.jpg
386388715,2026-07-29,Lymnaea stagnalis,vodniak vysoký,Mollusca,"076 53 Zatín, Slovensko",48.4889853014,21.8779041991,needs_id,0,Vladimir Hemala,https://www.inaturalist.org/observations/386388715?locale=sk,https://inaturalist-open-data.s3.amazonaws.com/photos/707452784/small.jpg
386389676,2026-07-29,Columbidae,holubovité,Aves,"076 53 Zatín, Slovensko",48.4889833015,21.8779055402,needs_id,2,Vladimir Hemala,https://www.inaturalist.org/observations/386389676?locale=sk,https://inaturalist-open-data.s3.amazonaws.com/photos/707454515/small.jpg
386388298,2026-07-29,Viviparus,močiarka,Mollusca,"076 53 Zatín, Slovensko",48.488983746,21.8778143451,needs_id,0,Vladimir Hemala,https://www.inaturalist.org/observations/386388298?locale=sk,https://inaturalist-open-data.s3.amazonaws.com/photos/707452104/small.jpg
386387815,2026-07-29,Planorbinae,,Mollusca,"076 53 Zatín, Slovensko",48.4889866347,21.8778099865,needs_id,0,Vladimir Hemala,https://www.inaturalist.org/observations/386387815?locale=sk,https://inaturalist-open-data.s3.amazonaws.com/photos/707451018/small.jpg
386231731,2026-07-29,Decticus verrucivorus,kobylka hryzavá,Insecta,"Ladmovce, Košice, SK",48.4218276902,21.7551309661,research,1,Martin Lukáň,https://www.inaturalist.org/observations/386231731?locale=sk,https://inaturalist-open-data.s3.amazonaws.com/photos/707156031/small.jpg
386231504,2026-07-29,Centaurea,"nevädza, benedikt",Plantae,"076 53 Zatín, Slovensko",48.4889528589,21.8780808896,needs_id,0,Vladimir Hemala,https://www.inaturalist.org/observations/386231504?locale=sk,https://inaturalist-open-data.s3.amazonaws.com/photos/707155710/small.jpg
386229251,2026-07-29,Minois dryas,očkáň ovsíkový,Insecta,"Ladmovce, Košice, SK",48.4216879795,21.7646734454,research,2,Martin Lukáň,https://www.inaturalist.org/observations/386229251?locale=sk,https://inaturalist-open-data.s3.amazonaws.com/photos/707152141/small.jpg
386223404,2026-07-29,Scopula ornata,piadica okrášlená,Insecta,"Ladmovce, Košice, SK",48.4162054134,21.7728866073,needs_id,0,Martin Lukáň,https://www.inaturalist.org/observations/386223404?locale=sk,https://inaturalist-open-data.s3.amazonaws.com/photos/707141657/small.jpg
386400848,2026-07-29,Decticus verrucivorus,kobylka hryzavá,Insecta,"076 33 Slovenské Nové Mesto, Slovensko",48.4286336968,21.7004422098,research,1,Vladimir Hemala,https://www.inaturalist.org/observations/386400848?locale=sk,https://inaturalist-open-data.s3.amazonaws.com/photos/707475475/small.jpg
386399695,2026-07-29,Oedaleus decorus,koník čiernopásy,Insecta,"076 33 Slovenské Nové Mesto, Slovensko",48.4287831986,21.6987155378,research,1,Vladimir Hemala,https://www.inaturalist.org/observations/386399695?locale=sk,https://inaturalist-open-data.s3.amazonaws.com/photos/707473086/small.jpg
386218339,2026-07-29,Phasianus colchicus,bažant obyčajný,Aves,"076 33 Slovenské Nové Mesto, Slovensko",48.4292041151,21.6971766204,needs_id,0,Vladimir Hemala,https://www.inaturalist.org/observations/386218339?locale=sk,https://inaturalist-open-data.s3.amazonaws.com/photos/707130746/small.jpg
386216900,2026-07-29,Erebidae,chlpatkovité,Insecta,"Ladmovce, Košice, SK",48.4184309895,21.7684851107,needs_id,0,Martin Lukáň,https://www.inaturalist.org/observations/386216900?locale=sk,https://inaturalist-open-data.s3.amazonaws.com/photos/707127975/small.jpg
386216629,2026-07-29,Pelophylax esculentus,skokan zelený,Amphibia,"Borša 529, 076 32 Borša, Slovensko",48.3856607,21.7083122997,needs_id,0,Martin Hromada,https://www.inaturalist.org/observations/386216629?locale=sk,https://static.inaturalist.org/photos/707127512/small.jpg
386215293,2026-07-29,Echinochloa,ježatka,Plantae,"Bodrog, Borša, Košický kraj, SK",48.385645,21.7084583333,needs_id,0,Ludka Reiterova,https://www.inaturalist.org/observations/386215293?locale=sk,https://inaturalist-open-data.s3.amazonaws.com/photos/707124631/small.jpg
386398927,2026-07-29,Lacertidae,Jaštericovité,Reptilia,"076 33 Slovenské Nové Mesto, Slovensko",48.4295743051,21.7036856711,needs_id,0,Vladimir Hemala,https://www.inaturalist.org/observations/386398927?locale=sk,https://inaturalist-open-data.s3.amazonaws.com/photos/707471262/small.jpg
386214164,2026-07-29,Capnodis tenebrionis,krasoň tmavosivý,Insecta,"Ladmovce, Košice, SK",48.4170127332,21.7694504151,research,1,Martin Lukáň,https://www.inaturalist.org/observations/386214164?locale=sk,https://inaturalist-open-data.s3.amazonaws.com/photos/707122368/small.jpg
386218897,2026-07-29,Sisyphus schaefferi,lajniak skarabeusovitý,Insecta,"076 33 Slovenské Nové Mesto, Slovensko",48.4291691872,21.7054002732,needs_id,0,Vladimir Hemala,https://www.inaturalist.org/observations/386218897?locale=sk,https://inaturalist-open-data.s3.amazonaws.com/photos/707131554/small.jpg
386397206,2026-07-29,Oecanthus pellucens,Jesienka spevavá,Insecta,"076 33 Slovenské Nové Mesto, Slovensko",48.4292868742,21.7052631453,research,1,Vladimir Hemala,https://www.inaturalist.org/observations/386397206?locale=sk,https://inaturalist-open-data.s3.amazonaws.com/photos/707468276/small.jpg
386396428,2026-07-29,Vespula,osa,Insecta,"076 33 Slovenské Nové Mesto, Slovensko",48.4292893213,21.705268845,needs_id,0,Vladimir Hemala,https://www.inaturalist.org/observations/386396428?locale=sk,https://inaturalist-open-data.s3.amazonaws.com/photos/707467061/small.jpg
386395947,2026-07-29,Carduinae,,Plantae,"076 33 Slovenské Nové Mesto, Slovensko",48.4292784203,21.7052138597,needs_id,2,Vladimir Hemala,https://www.inaturalist.org/observations/386395947?locale=sk,https://inaturalist-open-data.s3.amazonaws.com/photos/707466111/small.jpg
386334375,2026-07-29,Scirpus radicans,škripina zakoreňujúca,Plantae,"FWVG+J3, 076 53 Boľ, Slovensko",48.4929813498,21.9299145788,needs_id,0,Martina Hajdukova,https://www.inaturalist.org/observations/386334375?locale=sk,https://inaturalist-open-data.s3.amazonaws.com/photos/707348282/small.jpg
386395480,2026-07-29,Eryngium campestre,kotúč poľný,Plantae,"076 33 Slovenské Nové Mesto, Slovensko",48.4292739709,21.7050958425,research,1,Vladimir Hemala,https://www.inaturalist.org/observations/386395480?locale=sk,https://inaturalist-open-data.s3.amazonaws.com/photos/707465243/small.jpg
386239973,2026-07-29,Chenopodium betaceum,mrlík tuhý,Plantae,"076 52 Strážne, Slovensko",48.37452435,21.82541077,needs_id,0,Martina Hajdukova,https://www.inaturalist.org/observations/386239973?locale=sk,https://inaturalist-open-data.s3.amazonaws.com/photos/707171647/small.jpg
386208597,2026-07-29,Pentanema britannica,oman britský,Plantae,"Zatín 300, 076 53 Zatín, Slovensko",48.4783915,21.9089526,needs_id,0,Martina Hajdukova,https://www.inaturalist.org/observations/386208597?locale=sk,https://inaturalist-open-data.s3.amazonaws.com/photos/707111102/small.jpg
386207708,2026-07-29,Arethusana arethusa,očkáň kostravový,Insecta,"Ladmovce, Košice, SK",48.4188553147,21.7668443241,needs_id,0,Martin Lukáň,https://www.inaturalist.org/observations/386207708?locale=sk,https://inaturalist-open-data.s3.amazonaws.com/photos/707109187/small.jpg
386207450,2026-07-29,Zygaena angelicae,vretienka ľadencová,Insecta,"Ladmovce, Košice, SK",48.4188553147,21.7668443241,needs_id,0,Martin Lukáň,https://www.inaturalist.org/observations/386207450?locale=sk,https://inaturalist-open-data.s3.amazonaws.com/photos/707108657/small.jpg
386206839,2026-07-29,Coenonympha pamphilus,očkáň pohánkový,Insecta,"Ladmovce, Košice, SK",48.4192694463,21.7665973094,research,1,Martin Lukáň,https://www.inaturalist.org/observations/386206839?locale=sk,https://inaturalist-open-data.s3.amazonaws.com/photos/707107545/small.jpg
386394907,2026-07-29,Artemisia,palina,Plantae,"076 33 Slovenské Nové Mesto, Slovensko",48.4290721898,21.7012187093,needs_id,0,Vladimir Hemala,https://www.inaturalist.org/observations/386394907?locale=sk,https://inaturalist-open-data.s3.amazonaws.com/photos/707464255/small.jpg
386206752,2026-07-29,Chrysomelidae,liskavkovité,Insecta,"Ladmovce, Košice, SK",48.4217583015,21.7645040045,needs_id,0,Martin Lukáň,https://www.inaturalist.org/observations/386206752?locale=sk,https://inaturalist-open-data.s3.amazonaws.com/photos/707107405/small.jpg
386205381,2026-07-29,Calliptamus italicus,koník ružovokrídly,Insecta,"Ladmovce, Košice, SK",48.4217583015,21.7645040045,research,1,Martin Lukáň,https://www.inaturalist.org/observations/386205381?locale=sk,https://inaturalist-open-data.s3.amazonaws.com/photos/707105337/small.jpg
386205049,2026-07-29,Plebejus argus,modráčik čiernoobrúbený,Insecta,"Ladmovce, Košice, SK",48.4217583015,21.7645040045,needs_id,0,Martin Lukáň,https://www.inaturalist.org/observations/386205049?locale=sk,https://inaturalist-open-data.s3.amazonaws.com/photos/707104717/small.jpg
386211746,2026-07-29,Pelophylax esculentus,skokan zelený,Amphibia,"Borša 529, 076 32 Borša, Slovensko",48.3872398997,21.7070453,needs_id,0,Martin Hromada,https://www.inaturalist.org/observations/386211746?locale=sk,https://static.inaturalist.org/photos/707117024/small.jpg
386204225,2026-07-29,Maniola jurtina,očkáň lúčny,Insecta,"Ladmovce, Košice, SK",48.4221945933,21.7634634464,needs_id,0,Martin Lukáň,https://www.inaturalist.org/observations/386204225?locale=sk,https://inaturalist-open-data.s3.amazonaws.com/photos/707103250/small.jpg
386219101,2026-07-29,Mantis religiosa,modlivka zelená,Insecta,"076 33 Slovenské Nové Mesto, Slovensko",48.429280645,21.7005686089,needs_id,0,Vladimir Hemala,https://www.inaturalist.org/observations/386219101?locale=sk,https://inaturalist-open-data.s3.amazonaws.com/photos/707132117/small.jpg
386203864,2026-07-29,Polyommatus coridon,modráčik vikový,Insecta,"Ladmovce, Košice, SK",48.4221500086,21.7635941595,needs_id,0,Martin Lukáň,https://www.inaturalist.org/observations/386203864?locale=sk,https://inaturalist-open-data.s3.amazonaws.com/photos/707102380/small.jpg
386203418,2026-07-29,Lythrum salicaria,vrbica vŕbolistá,Plantae,"Borša 529, 076 32 Borša, Slovensko",48.3874737,21.7070259,research,1,Martin Hromada,https://www.inaturalist.org/observations/386203418?locale=sk,https://static.inaturalist.org/photos/707101485/small.jpg
386204050,2026-07-29,Circaea,čarovník,Plantae,"077 01 Kráľovský Chlmec, Slovensko",48.4424305,21.95636665,needs_id,0,Martina Hajdukova,https://www.inaturalist.org/observations/386204050?locale=sk,https://inaturalist-open-data.s3.amazonaws.com/photos/707102806/small.jpg
386254939,2026-07-29,Atralata albofascialis,vijačka bielopása,Insecta,"Slovenské Nové Mesto 329, 076 33 Slovenské Nové Mesto, Slovensko",48.4292739709,21.7002256215,needs_id,0,Vladimir Hemala,https://www.inaturalist.org/observations/386254939?locale=sk,https://inaturalist-open-data.s3.amazonaws.com/photos/707200710/small.jpg
386390388,2026-07-29,Helix lutescens,slimák žltkastý,Mollusca,"076 33 Slovenské Nové Mesto, Slovensko",48.4290844257,21.6992345452,needs_id,0,Vladimir Hemala,https://www.inaturalist.org/observations/386390388?locale=sk,https://inaturalist-open-data.s3.amazonaws.com/photos/707455651/small.jpg
386393987,2026-07-29,Salticidae,skákavkovité,Arachnida,"076 33 Slovenské Nové Mesto, Slovensko",48.4291998882,21.6992154345,needs_id,0,Vladimir Hemala,https://www.inaturalist.org/observations/386393987?locale=sk,https://inaturalist-open-data.s3.amazonaws.com/photos/707462458/small.jpg
386392261,2026-07-29,Stictocephala bisonia,tŕňovka býčia,Insecta,"076 33 Slovenské Nové Mesto, Slovensko",48.4291213559,21.6990907118,needs_id,0,Vladimir Hemala,https://www.inaturalist.org/observations/386392261?locale=sk,https://inaturalist-open-data.s3.amazonaws.com/photos/707459705/small.jpg
386201320,2026-07-29,Papaver rhoeas,mak vlčí,Plantae,"Tokajská, Viničky, Košice, SK",48.4201775449,21.751624296,needs_id,0,Martin Lukáň,https://www.inaturalist.org/observations/386201320?locale=sk,https://inaturalist-open-data.s3.amazonaws.com/photos/707096999/small.jpg
386391733,2026-07-29,Artemisia,palina,Plantae,"076 33 Slovenské Nové Mesto, Slovensko",48.4292508339,21.6989519075,needs_id,0,Vladimir Hemala,https://www.inaturalist.org/observations/386391733?locale=sk,https://inaturalist-open-data.s3.amazonaws.com/photos/707458837/small.jpg
386200877,2026-07-29,Xenos vesparum,riasavec osí,Insecta,"Tokajská, Viničky, Košice, SK",48.4187462088,21.7522038147,needs_id,0,Martin Lukáň,https://www.inaturalist.org/observations/386200877?locale=sk,https://inaturalist-open-data.s3.amazonaws.com/photos/707096345/small.jpg
386391463,2026-07-29,Dictyophara,ostročielka,Insecta,"076 33 Slovenské Nové Mesto, Slovensko",48.4291658501,21.6990105808,needs_id,0,Vladimir Hemala,https://www.inaturalist.org/observations/386391463?locale=sk,https://inaturalist-open-data.s3.amazonaws.com/photos/707458078/small.jpg
386200650,2026-07-29,Echinops sphaerocephalus,ježibaba guľatohlavá,Plantae,"Tokajská, Viničky, Košice, SK",48.4175934765,21.7525953033,needs_id,0,Martin Lukáň,https://www.inaturalist.org/observations/386200650?locale=sk,https://inaturalist-open-data.s3.amazonaws.com/photos/707096006/small.jpg
386200176,2026-07-29,Xylocopa,,Insecta,"Tokajská, Viničky, Košice, SK",48.4175934765,21.7525953033,research,2,Martin Lukáň,https://www.inaturalist.org/observations/386200176?locale=sk,https://inaturalist-open-data.s3.amazonaws.com/photos/707094953/small.jpg
386390812,2026-07-29,Coccinula quatuordecimpustulata,lienka štrnásťškvrnná,Insecta,"076 33 Slovenské Nové Mesto, Slovensko",48.4291994432,21.6972292587,research,1,Vladimir Hemala,https://www.inaturalist.org/observations/386390812?locale=sk,https://inaturalist-open-data.s3.amazonaws.com/photos/707456686/small.jpg
386200620,2026-07-29,Argynnis paphia,perlovec striebristopásavý,Insecta,"Tokajská, Viničky, Košice, SK",48.4175934765,21.7525953033,research,1,Martin Lukáň,https://www.inaturalist.org/observations/386200620?locale=sk,https://inaturalist-open-data.s3.amazonaws.com/photos/707095934/small.jpg
386199275,2026-07-29,Hippobosca equina,kuklorodka konská,Insecta,"Veľká Bara 5, 076 32 Veľká Bara, Slovensko",48.4257976997,21.7184874997,needs_id,0,Martin Hromada,https://www.inaturalist.org/observations/386199275?locale=sk,https://static.inaturalist.org/photos/707093375/small.jpg
386202815,2026-07-29,Bidens,dvojzub,Plantae,"077 01 Kráľovský Chlmec, Slovensko",48.4426049,21.95641766,needs_id,0,Martina Hajdukova,https://www.inaturalist.org/observations/386202815?locale=sk,https://inaturalist-open-data.s3.amazonaws.com/photos/707100042/small.jpg
386197899,2026-07-29,Leptidea sinapis,mlynárik hrachorový,Insecta,"Veľká Bara 13, 076 32 Bara, Slovensko",48.4258432,21.7185032997,needs_id,0,Martin Hromada,https://www.inaturalist.org/observations/386197899?locale=sk,https://static.inaturalist.org/photos/707090822/small.jpg
386197661,2026-07-29,Pieris napi,mlynárik repkový,Insecta,"Veľká Bara 13, 076 32 Bara, Slovensko",48.4258218,21.7185015997,needs_id,0,Martin Hromada,https://www.inaturalist.org/observations/386197661?locale=sk,https://static.inaturalist.org/photos/707170509/small.jpg
386197016,2026-07-29,Sambucus nigra,baza čierna,Plantae,"Viničky 307, 076 31 Viničky, Slovensko",48.4008249405,21.737796329,needs_id,1,Vladimir Hemala,https://www.inaturalist.org/observations/386197016?locale=sk,https://inaturalist-open-data.s3.amazonaws.com/photos/707088692/small.jpg
386196508,2026-07-29,Polyommatus icarus,modráčik obyčajný,Insecta,"Veľká Bara 21, 076 32 Veľká Bara, Slovensko",48.426188,21.7185451,needs_id,0,Martin Hromada,https://www.inaturalist.org/observations/386196508?locale=sk,https://static.inaturalist.org/photos/707087708/small.jpg
386196322,2026-07-29,Polyommatus icarus,modráčik obyčajný,Insecta,"Veľká Bara 21, 076 32 Veľká Bara, Slovensko",48.4262122,21.7185339,needs_id,0,Martin Hromada,https://www.inaturalist.org/observations/386196322?locale=sk,https://static.inaturalist.org/photos/707087073/small.jpg
386196297,2026-07-29,Echium vulgare,hadinec obyčajný,Plantae,"Veľká Bara 38, 076 32 Veľká Bara, Slovensko",48.4287702,21.7178007,research,1,Martin Hromada,https://www.inaturalist.org/observations/386196297?locale=sk,https://static.inaturalist.org/photos/707087032/small.jpg
386193822,2026-07-29,Eristalis tenax,trúdovka obyčajná,Insecta,"Malá Bara, Bara, Košice, SK",48.4216770367,21.7389670302,research,1,Martin Lukáň,https://www.inaturalist.org/observations/386193822?locale=sk,https://inaturalist-open-data.s3.amazonaws.com/photos/707082926/small.jpg
386193479,2026-07-29,Robinia pseudoacacia,agát biely,Plantae,"Veľká Bara 44, 076 32 Veľká Bara, Slovensko",48.4294177,21.7175308997,needs_id,0,Martin Hromada,https://www.inaturalist.org/observations/386193479?locale=sk,https://static.inaturalist.org/photos/707082297/small.jpg
386192860,2026-07-29,Eryngium campestre,kotúč poľný,Plantae,"Veľká Bara 44, 076 32 Veľká Bara, Slovensko",48.4302210997,21.7172327,research,1,Martin Hromada,https://www.inaturalist.org/observations/386192860?locale=sk,https://static.inaturalist.org/photos/707080922/small.jpg
386200158,2026-07-29,Coenonympha glycerion,očkáň traslicový,Insecta,"Veľká Bara 74, 076 32 Veľká Bara, Slovensko",48.4257105363,21.71659749,needs_id,0,Ivona Ceľuchová,https://www.inaturalist.org/observations/386200158?locale=sk,https://inaturalist-open-data.s3.amazonaws.com/photos/707094935/small.jpg
386199939,2026-07-29,Coenonympha,očkáň,Insecta,"Veľká Bara 79, 076 32 Bara, Slovensko",48.4253256339,21.7162414268,needs_id,0,Ivona Ceľuchová,https://www.inaturalist.org/observations/386199939?locale=sk,https://inaturalist-open-data.s3.amazonaws.com/photos/707094608/small.jpg
386192839,2026-07-29,Coenonympha glycerion,očkáň traslicový,Insecta,"Veľká Bara 44, 076 32 Veľká Bara, Slovensko",48.4302703997,21.7168999997,needs_id,0,Martin Hromada,https://www.inaturalist.org/observations/386192839?locale=sk,https://static.inaturalist.org/photos/707080898/small.jpg
386191331,2026-07-29,Minois dryas,očkáň ovsíkový,Insecta,"Veľká Bara 44, 076 32 Veľká Bara, Slovensko",48.4301542304,21.7165177781,needs_id,0,,https://www.inaturalist.org/observations/386191331?locale=sk,https://inaturalist-open-data.s3.amazonaws.com/photos/707078770/small.jpg
386188533,2026-07-29,Picris hieracioides,horčík jastrabníkovitý,Plantae,"Malá Bara, Bara, Košice, SK",48.4220127427,21.7382510536,needs_id,0,Martin Lukáň,https://www.inaturalist.org/observations/386188533?locale=sk,https://inaturalist-open-data.s3.amazonaws.com/photos/707073837/small.jpg
386190546,2026-07-29,Hogna radiata,strehúň južný,Arachnida,"Bara 52, 076 32 Bara, Slovensko",48.42151709,21.7374649,needs_id,0,Vertec “Vertec”,https://www.inaturalist.org/observations/386190546?locale=sk,https://static.inaturalist.org/photos/707077177/small.jpg
386594504,2026-07-29,Lacerta viridis,jašterica zelená,Reptilia,"076 31 Viničky, Slovensko",48.4125485582,21.7534490302,needs_id,0,Peter,https://www.inaturalist.org/observations/386594504?locale=sk,https://inaturalist-open-data.s3.amazonaws.com/photos/707850710/small.jpg
386177316,2026-07-28,Harmonia axyridis,lienka východná,Insecta,"Viničky 309, 076 31 Viničky, Slovensko",48.3976119028,21.7295136675,research,1,Vladimir Hemala,https://www.inaturalist.org/observations/386177316?locale=sk,https://inaturalist-open-data.s3.amazonaws.com/photos/707052356/small.jpg
386177178,2026-07-28,Agrotis,siatica,Insecta,"Viničky 309, 076 31 Viničky, Slovensko",48.3975731688,21.7294962332,needs_id,0,Vladimir Hemala,https://www.inaturalist.org/observations/386177178?locale=sk,https://inaturalist-open-data.s3.amazonaws.com/photos/707052090/small.jpg
386176880,2026-07-28,Eilema,spriadač,Insecta,"Viničky 309, 076 31 Viničky, Slovensko",48.3975758401,21.7295103148,needs_id,0,Vladimir Hemala,https://www.inaturalist.org/observations/386176880?locale=sk,https://inaturalist-open-data.s3.amazonaws.com/photos/707051715/small.jpg
386031688,2026-07-28,Prunus spinosa,slivka trnková,Plantae,"Bara, Košice, SK",48.4214663962,21.7373258424,needs_id,0,Tomáš Rakuščinec,https://www.inaturalist.org/observations/386031688?locale=sk,https://inaturalist-open-data.s3.amazonaws.com/photos/706769007/small.jpg
386176589,2026-07-28,Malva,slez,Plantae,"076 35 Somotor, Slovensko",48.4068894023,21.8015829474,needs_id,0,Vladimir Hemala,https://www.inaturalist.org/observations/386176589?locale=sk,https://inaturalist-open-data.s3.amazonaws.com/photos/707051262/small.jpg
386176111,2026-07-28,Ailanthus altissima,pajaseň žliazkatý,Plantae,"076 35 Somotor, Slovensko",48.4087449217,21.8043516576,research,1,Vladimir Hemala,https://www.inaturalist.org/observations/386176111?locale=sk,https://inaturalist-open-data.s3.amazonaws.com/photos/707050613/small.jpg
386175660,2026-07-28,Cyprinus carpio,kapor obyčajný,Actinopterygii,"076 35 Somotor, Slovensko",48.4087916593,21.804423742,needs_id,0,Vladimir Hemala,https://www.inaturalist.org/observations/386175660?locale=sk,https://inaturalist-open-data.s3.amazonaws.com/photos/707050156/small.jpg
386175475,2026-07-28,Centaurea,"nevädza, benedikt",Plantae,"076 35 Somotor, Slovensko",48.4089712651,21.8046527356,needs_id,0,Vladimir Hemala,https://www.inaturalist.org/observations/386175475?locale=sk,https://inaturalist-open-data.s3.amazonaws.com/photos/707049773/small.jpg
386175298,2026-07-28,Eryngium campestre,kotúč poľný,Plantae,"076 35 Somotor, Slovensko",48.4090678557,21.8053873256,research,1,Vladimir Hemala,https://www.inaturalist.org/observations/386175298?locale=sk,https://inaturalist-open-data.s3.amazonaws.com/photos/707049393/small.jpg
386175065,2026-07-28,Protoparmeliopsis,lekanora,Fungi,"077 01 Kráľovský Chlmec, Slovensko",48.414003528,21.9501833618,needs_id,0,Vladimir Hemala,https://www.inaturalist.org/observations/386175065?locale=sk,https://inaturalist-open-data.s3.amazonaws.com/photos/707048911/small.jpg
386174816,2026-07-28,Xanthoparmelia,diskovka,Fungi,"077 01 Kráľovský Chlmec, Slovensko",48.4140353509,21.9501005486,needs_id,0,Vladimir Hemala,https://www.inaturalist.org/observations/386174816?locale=sk,https://inaturalist-open-data.s3.amazonaws.com/photos/707048364/small.jpg
385945493,2026-07-28,Apodemus uralensis,Ryšavka malooká,Mammalia,"Viničky 336, 076 31 Viničky, Slovensko",48.4075557,21.7159462997,needs_id,0,Martin Hromada,https://www.inaturalist.org/observations/385945493?locale=sk,https://static.inaturalist.org/photos/706606738/small.jpg
385944935,2026-07-28,Garrulus glandarius,sojka obyčajná,Aves,"Viničky 336, 076 31 Viničky, Slovensko",48.40742706,21.71580808,research,1,Martin Hromada,https://www.inaturalist.org/observations/385944935?locale=sk,https://static.inaturalist.org/photos/706605633/small.jpg
386401450,2026-07-28,Ranunculoideae,iskerníkovaté,Plantae,"076 52 Malý Horeš, Slovensko",48.412101911,21.9456138834,needs_id,0,Vladimir Hemala,https://www.inaturalist.org/observations/386401450?locale=sk,https://inaturalist-open-data.s3.amazonaws.com/photos/707476812/small.jpg
386174191,2026-07-28,Artemisia campestris,palina poľná,Plantae,"076 52 Malý Horeš, Slovensko",48.4107472576,21.9459924102,needs_id,1,Vladimir Hemala,https://www.inaturalist.org/observations/386174191?locale=sk,https://inaturalist-open-data.s3.amazonaws.com/photos/707047630/small.jpg
386173687,2026-07-28,Robinia pseudoacacia,agát biely,Plantae,"076 52 Malý Horeš, Slovensko",48.4054851985,21.9490772858,research,1,Vladimir Hemala,https://www.inaturalist.org/observations/386173687?locale=sk,https://inaturalist-open-data.s3.amazonaws.com/photos/707046704/small.jpg
385934446,2026-07-28,Nomioides minutissimus,,Insecta,"076 52 Strážne, Slovensko",48.3889999878,21.8723238632,research,1,Vladimir Hemala,https://www.inaturalist.org/observations/385934446?locale=sk,https://inaturalist-open-data.s3.amazonaws.com/photos/706586136/small.jpg
385929980,2026-07-28,Carex pseudocyperus,ostrica pašachor,Plantae,"9QVC+67, 076 31 Streda nad Bodrogom, Slovensko",48.39227649,21.77098892,needs_id,0,Martina Hajdukova,https://www.inaturalist.org/observations/385929980?locale=sk,https://inaturalist-open-data.s3.amazonaws.com/photos/706578151/small.jpg
385929683,2026-07-28,Cicuta virosa,rozpuk jedovatý,Plantae,"9QVC+67, 076 31 Streda nad Bodrogom, Slovensko",48.39245044,21.77120023,needs_id,0,Martina Hajdukova,https://www.inaturalist.org/observations/385929683?locale=sk,https://inaturalist-open-data.s3.amazonaws.com/photos/706577734/small.jpg
385928341,2026-07-28,Bolboschoenus,šarina,Plantae,"9QVC+67, 076 31 Streda nad Bodrogom, Slovensko",48.39244711,21.77091209,needs_id,0,Martina Hajdukova,https://www.inaturalist.org/observations/385928341?locale=sk,https://inaturalist-open-data.s3.amazonaws.com/photos/706577127/small.jpg
385927867,2026-07-28,Galega officinalis,jastrabina lekárska,Plantae,"9QVC+67, 076 31 Streda nad Bodrogom, Slovensko",48.39229799,21.77107417,needs_id,0,Martina Hajdukova,https://www.inaturalist.org/observations/385927867?locale=sk,https://inaturalist-open-data.s3.amazonaws.com/photos/706574720/small.jpg
385927338,2026-07-28,Salvinia natans,salvínia plávajúca,Plantae,"9QVC+67, 076 31 Streda nad Bodrogom, Slovensko",48.39235939,21.77096442,needs_id,0,Martina Hajdukova,https://www.inaturalist.org/observations/385927338?locale=sk,https://inaturalist-open-data.s3.amazonaws.com/photos/706573363/small.jpg
385927236,2026-07-28,Myriophyllum verticillatum,stolístok praslenatý,Plantae,"9QVC+67, 076 31 Streda nad Bodrogom, Slovensko",48.39233049,21.77090815,needs_id,0,Martina Hajdukova,https://www.inaturalist.org/observations/385927236?locale=sk,https://inaturalist-open-data.s3.amazonaws.com/photos/706573238/small.jpg
385926898,2026-07-28,Cyperus fuscus,šachor hnedý,Plantae,"9QVC+67, 076 31 Streda nad Bodrogom, Slovensko",48.39248683,21.7711346,needs_id,0,Martina Hajdukova,https://www.inaturalist.org/observations/385926898?locale=sk,https://inaturalist-open-data.s3.amazonaws.com/photos/706572659/small.jpg
386086367,2026-07-28,Unio tumidus,Korýtko rybničné,Mollusca,"Latorica, Svätá Mária, Košický kraj, SK",48.454455,21.8192633333,research,1,Ludka Reiterova,https://www.inaturalist.org/observations/386086367?locale=sk,https://inaturalist-open-data.s3.amazonaws.com/photos/706873911/small.jpg
385925823,2026-07-28,Nuphar lutea,leknica žltá,Plantae,"9QVC+67, 076 31 Streda nad Bodrogom, Slovensko",48.39276257,21.77057678,needs_id,0,Martina Hajdukova,https://www.inaturalist.org/observations/385925823?locale=sk,https://inaturalist-open-data.s3.amazonaws.com/photos/706570347/small.jpg
386181493,2026-07-28,Platycleis affinis,kobylôčka malá,Insecta,"Strážne 280, 076 52 Strážne, Slovensko",48.3664284,21.8663131,research,1,Benjamín Jarčuška,https://www.inaturalist.org/observations/386181493?locale=sk,https://static.inaturalist.org/photos/707060863/small.jpg
385922018,2026-07-28,Hydrochara caraboides,,Insecta,"Borša 529, 076 32 Borša, Slovensko",48.3866160997,21.7100986997,research,1,Martin Hromada,https://www.inaturalist.org/observations/385922018?locale=sk,https://static.inaturalist.org/photos/706562482/small.jpg
386177851,2026-07-28,Rodentia,hlodavce,Mammalia,"076 52 Strážne, Slovensko",48.3874276322,21.8697388843,needs_id,0,Vladimir Hemala,https://www.inaturalist.org/observations/386177851?locale=sk,https://inaturalist-open-data.s3.amazonaws.com/photos/707053469/small.jpg
385920387,2026-07-28,Heracleum sphondylium,boľševník borščový,Plantae,"Ladmovce 203, 076 34 Ladmovce, Slovensko",48.4121137,21.777997,needs_id,0,Martina Hajdukova,https://www.inaturalist.org/observations/385920387?locale=sk,https://inaturalist-open-data.s3.amazonaws.com/photos/706559698/small.jpg
386177608,2026-07-28,Noctuidae,morovité,Insecta,"076 52 Strážne, Slovensko",48.387379539,21.8688651547,needs_id,0,Vladimir Hemala,https://www.inaturalist.org/observations/386177608?locale=sk,https://inaturalist-open-data.s3.amazonaws.com/photos/707052857/small.jpg
385919649,2026-07-28,Zamenis longissimus,užovka stromová,Reptilia,"076 31 Viničky, Slovensko",48.3885438,21.7240931997,research,4,Martin Hromada,https://www.inaturalist.org/observations/385919649?locale=sk,https://static.inaturalist.org/photos/706558259/small.jpg
385918785,2026-07-28,Philodromus,,Arachnida,"076 52 Strážne, Slovensko",48.387537623,21.8683950976,needs_id,0,Vladimir Hemala,https://www.inaturalist.org/observations/385918785?locale=sk,https://inaturalist-open-data.s3.amazonaws.com/photos/706556456/small.jpg
385917747,2026-07-28,Asclepias syriaca,Glejovka americká,Plantae,"076 35 Somotor, Slovensko",48.40690875,21.79578471,research,1,Martina Hajdukova,https://www.inaturalist.org/observations/385917747?locale=sk,https://inaturalist-open-data.s3.amazonaws.com/photos/706554500/small.jpg
385917014,2026-07-28,Hibiscus trionum,ibištek trojdielny,Plantae,"076 35 Somotor, Slovensko",48.40784664,21.79589102,needs_id,0,Martina Hajdukova,https://www.inaturalist.org/observations/385917014?locale=sk,https://inaturalist-open-data.s3.amazonaws.com/photos/706553306/small.jpg
385916706,2026-07-28,Buteo buteo,myšiak hôrny,Aves,"076 52 Strážne, Slovensko",48.3872145522,21.8685563654,research,1,Vladimir Hemala,https://www.inaturalist.org/observations/385916706?locale=sk,https://inaturalist-open-data.s3.amazonaws.com/photos/706552606/small.jpg
385915905,2026-07-28,Bombus pascuorum,čmeľ poľný,Insecta,"Veľká Bara, Bara, Košice, SK",48.4237932041,21.7149661937,research,1,Martin Lukáň,https://www.inaturalist.org/observations/385915905?locale=sk,https://inaturalist-open-data.s3.amazonaws.com/photos/706551052/small.jpg
385916766,2026-07-28,Cuscuta campestris,kukučina poľná,Plantae,"076 35 Somotor, Slovensko",48.40957459,21.79749825,needs_id,0,Martina Hajdukova,https://www.inaturalist.org/observations/385916766?locale=sk,https://inaturalist-open-data.s3.amazonaws.com/photos/706552776/small.jpg
385915360,2026-07-28,Graphosoma italicum italicum,,Insecta,"Veľká Bara, Bara, Košice, SK",48.4240957108,21.7143450292,research,3,Martin Lukáň,https://www.inaturalist.org/observations/385915360?locale=sk,https://inaturalist-open-data.s3.amazonaws.com/photos/706550026/small.jpg
385917744,2026-07-28,Linaria vulgaris,pyštek obyčajný,Plantae,"076 52 Strážne, Slovensko",48.3856746501,21.8688574433,needs_id,1,Vladimir Hemala,https://www.inaturalist.org/observations/385917744?locale=sk,https://inaturalist-open-data.s3.amazonaws.com/photos/706554483/small.jpg
385917920,2026-07-28,Cirsium vulgare,pichliač obyčajný,Plantae,"076 52 Strážne, Slovensko",48.3851106459,21.8693264946,needs_id,1,Vladimir Hemala,https://www.inaturalist.org/observations/385917920?locale=sk,https://inaturalist-open-data.s3.amazonaws.com/photos/706554779/small.jpg
385917144,2026-07-28,Geometridae,piadivkovité,Insecta,"076 52 Strážne, Slovensko",48.3851856835,21.8694317713,needs_id,0,Vladimir Hemala,https://www.inaturalist.org/observations/385917144?locale=sk,https://inaturalist-open-data.s3.amazonaws.com/photos/706553464/small.jpg
385919618,2026-07-28,Lythrum virgatum,Vrbica prútnatá,Plantae,"9PVJ+2F, 076 31 Viničky, Slovensko",48.3919047997,21.7344906997,needs_id,0,Martin Hromada,https://www.inaturalist.org/observations/385919618?locale=sk,https://static.inaturalist.org/photos/706558228/small.jpg
385912875,2026-07-28,Dianthus collinus,klinček kopcový,Plantae,"076 31 Viničky, Slovensko",48.3931465,21.7368419997,needs_id,0,Martin Hromada,https://www.inaturalist.org/observations/385912875?locale=sk,https://static.inaturalist.org/photos/706545269/small.jpg
385916505,2026-07-28,Mantis religiosa,modlivka zelená,Insecta,"076 52 Strážne, Slovensko",48.3849015642,21.8671418354,research,1,Vladimir Hemala,https://www.inaturalist.org/observations/385916505?locale=sk,https://inaturalist-open-data.s3.amazonaws.com/photos/706552126/small.jpg
385916741,2026-07-28,Anodonta anatina,škľabka riečna,Mollusca,"Véč 588, 076 35 Somotor, Slovensko",48.4144172,21.80160363,needs_id,0,Martina Hajdukova,https://www.inaturalist.org/observations/385916741?locale=sk,https://inaturalist-open-data.s3.amazonaws.com/photos/706552700/small.jpg
385911785,2026-07-28,Alopecurus aequalis,psiarka plavá,Plantae,"Véč 588, 076 35 Somotor, Slovensko",48.41430725,21.80171502,needs_id,0,Martina Hajdukova,https://www.inaturalist.org/observations/385911785?locale=sk,https://inaturalist-open-data.s3.amazonaws.com/photos/706550236/small.jpg
385911600,2026-07-28,Fraxinus,jaseň,Plantae,"076 31 Viničky, Slovensko",48.3944650997,21.7409907,needs_id,0,Martin Hromada,https://www.inaturalist.org/observations/385911600?locale=sk,https://static.inaturalist.org/photos/706745277/small.jpg
385911371,2026-07-28,Medicago sativa,lucerna siata,Plantae,"076 31 Viničky, Slovensko",48.3947989997,21.7414975,needs_id,0,Martin Hromada,https://www.inaturalist.org/observations/385911371?locale=sk,https://static.inaturalist.org/photos/706542516/small.jpg
385911405,2026-07-28,Erechtites hieraciifolius,starčekovec jastrabníkolistý,Plantae,"Véč 588, 076 35 Somotor, Slovensko",48.4143847,21.80176447,needs_id,0,Martina Hajdukova,https://www.inaturalist.org/observations/385911405?locale=sk,https://inaturalist-open-data.s3.amazonaws.com/photos/706542620/small.jpg
385910948,2026-07-28,Liquidambar styraciflua,ambrovník styraxový,Plantae,"Viničky, 076 31 Viničky, Slovensko",48.39552847,21.74205825,casual,0,Martin Hromada,https://www.inaturalist.org/observations/385910948?locale=sk,https://static.inaturalist.org/photos/706541782/small.jpg
385910945,2026-07-28,Erigeron,turica,Plantae,"Véč 588, 076 35 Somotor, Slovensko",48.41438895,21.80163963,needs_id,0,Martina Hajdukova,https://www.inaturalist.org/observations/385910945?locale=sk,https://inaturalist-open-data.s3.amazonaws.com/photos/706541769/small.jpg
385910644,2026-07-28,Planorbarius corneus,kotúľka veľká,Mollusca,"Véč 588, 076 35 Somotor, Slovensko",48.41409999,21.80189509,needs_id,0,Martina Hajdukova,https://www.inaturalist.org/observations/385910644?locale=sk,https://inaturalist-open-data.s3.amazonaws.com/photos/706540989/small.jpg
386086527,2026-07-28,Sparganium emersum,ježohlav jednoduchý,Plantae,"Bodrog, Zemplín, Košický kraj, SK",48.4363283333,21.8179783333,research,1,Ludka Reiterova,https://www.inaturalist.org/observations/386086527?locale=sk,https://inaturalist-open-data.s3.amazonaws.com/photos/706874210/small.jpg
385910495,2026-07-28,Althaea officinalis,ibiš lekársky,Plantae,"Véč 588, 076 35 Somotor, Slovensko",48.41392897,21.80222767,needs_id,0,Martina Hajdukova,https://www.inaturalist.org/observations/385910495?locale=sk,https://inaturalist-open-data.s3.amazonaws.com/photos/706540638/small.jpg
385910311,2026-07-28,Lycopus europaeus,karbinec európsky,Plantae,"Véč 588, 076 35 Somotor, Slovensko",48.41399494,21.80232706,needs_id,0,Martina Hajdukova,https://www.inaturalist.org/observations/385910311?locale=sk,https://inaturalist-open-data.s3.amazonaws.com/photos/706540174/small.jpg
385910259,2026-07-28,Lycopus exaltatus,karbinec vysoký,Plantae,"Véč 588, 076 35 Somotor, Slovensko",48.41394693,21.80228204,needs_id,0,Martina Hajdukova,https://www.inaturalist.org/observations/385910259?locale=sk,https://inaturalist-open-data.s3.amazonaws.com/photos/706540035/small.jpg
385909793,2026-07-28,Bidens frondosa,dvojzub listnatý,Plantae,"Véč 588, 076 35 Somotor, Slovensko",48.41389654,21.80230136,needs_id,0,Martina Hajdukova,https://www.inaturalist.org/observations/385909793?locale=sk,https://inaturalist-open-data.s3.amazonaws.com/photos/706539660/small.jpg
385908207,2026-07-28,Hibiscus syriacus,ibištek krovitý,Plantae,"Véč 588, 076 35 Somotor, Slovensko",48.41252602,21.80271198,needs_id,0,Martina Hajdukova,https://www.inaturalist.org/observations/385908207?locale=sk,https://inaturalist-open-data.s3.amazonaws.com/photos/706535790/small.jpg
385907568,2026-07-28,Gleditsia triacanthos,gledíčia trojtŕňová,Plantae,"Véč 588, 076 35 Somotor, Slovensko",48.41246683,21.80195187,needs_id,0,Martina Hajdukova,https://www.inaturalist.org/observations/385907568?locale=sk,https://inaturalist-open-data.s3.amazonaws.com/photos/706534739/small.jpg
385907189,2026-07-28,Amorpha fruticosa,beztvarec krovitý,Plantae,"Véč 588, 076 35 Somotor, Slovensko",48.41244193,21.80154593,needs_id,0,Martina Hajdukova,https://www.inaturalist.org/observations/385907189?locale=sk,https://inaturalist-open-data.s3.amazonaws.com/photos/706533690/small.jpg
385906716,2026-07-28,Fraxinus pennsylvanica,jaseň pensylvánsky,Plantae,"076 35 Somotor, Slovensko",48.41193797,21.80124331,needs_id,0,Martina Hajdukova,https://www.inaturalist.org/observations/385906716?locale=sk,https://inaturalist-open-data.s3.amazonaws.com/photos/706532647/small.jpg
385906371,2026-07-28,Arctium lappa,lopúch väčší,Plantae,"076 35 Somotor, Slovensko",48.41193572,21.80118608,needs_id,0,Martina Hajdukova,https://www.inaturalist.org/observations/385906371?locale=sk,https://inaturalist-open-data.s3.amazonaws.com/photos/706532245/small.jpg
385906129,2026-07-28,Asclepias syriaca,Glejovka americká,Plantae,"Strážne 243, 076 52 Strážne, Slovensko",48.377563121,21.8640418723,research,1,Vladimir Hemala,https://www.inaturalist.org/observations/385906129?locale=sk,https://inaturalist-open-data.s3.amazonaws.com/photos/706531484/small.jpg
385905401,2026-07-28,Capreolus capreolus,srnec lesný,Mammalia,"Viničky 270, 076 31 Viničky, Slovensko",48.3980802,21.738063,casual,0,Martin Hromada,https://www.inaturalist.org/observations/385905401?locale=sk,https://static.inaturalist.org/photos/706529867/small.jpg
385905471,2026-07-28,Dama dama,daniel škvrnitý,Mammalia,"Viničky 270, 076 31 Viničky, Slovensko",48.3980819,21.7380692997,casual,1,Martin Hromada,https://www.inaturalist.org/observations/385905471?locale=sk,https://static.inaturalist.org/photos/706530053/small.jpg
385905009,2026-07-28,Cannabis sativa,konopa siata,Plantae,"076 35 Somotor, Slovensko",48.41059315,21.80140362,needs_id,0,Martina Hajdukova,https://www.inaturalist.org/observations/385905009?locale=sk,https://inaturalist-open-data.s3.amazonaws.com/photos/706529000/small.jpg
385904740,2026-07-28,Lacerta viridis,jašterica zelená,Reptilia,"Bara, Košice, SK",48.4286311862,21.7102487468,needs_id,0,Martin Lukáň,https://www.inaturalist.org/observations/385904740?locale=sk,https://inaturalist-open-data.s3.amazonaws.com/photos/706528359/small.jpg
385903748,2026-07-28,Equisetum arvense,praslička roľná,Plantae,"076 35 Somotor, Slovensko",48.40984073,21.80239441,needs_id,0,Martina Hajdukova,https://www.inaturalist.org/observations/385903748?locale=sk,https://inaturalist-open-data.s3.amazonaws.com/photos/706526379/small.jpg
385903617,2026-07-28,Acer tataricum,javor tatársky,Plantae,"076 35 Somotor, Slovensko",48.40984481,21.80239786,needs_id,0,Martina Hajdukova,https://www.inaturalist.org/observations/385903617?locale=sk,https://inaturalist-open-data.s3.amazonaws.com/photos/706526317/small.jpg
385903893,2026-07-28,Calliptamus italicus,koník ružovokrídly,Insecta,"Bara, Košice, SK",48.4286909526,21.7100787287,research,1,Martin Lukáň,https://www.inaturalist.org/observations/385903893?locale=sk,https://inaturalist-open-data.s3.amazonaws.com/photos/706526680/small.jpg
385903161,2026-07-28,Lasiommata megera,Očkáň múrový,Insecta,"Bara, Košice, SK",48.4287065747,21.7102875576,needs_id,0,Martin Lukáň,https://www.inaturalist.org/observations/385903161?locale=sk,https://inaturalist-open-data.s3.amazonaws.com/photos/706525080/small.jpg
386383624,2026-07-28,Torminalis glaberrima,jarabina brekyňová,Plantae,"076 32 Černochov, Slovensko",48.4378963,21.7304255,needs_id,0,Benjamín Jarčuška,https://www.inaturalist.org/observations/386383624?locale=sk,https://static.inaturalist.org/photos/707442497/small.jpg
385902679,2026-07-28,Iphiclides podalirius,vidlochvost ovocný,Insecta,"Bara, Košice, SK",48.4286793701,21.7103725851,research,1,Martin Lukáň,https://www.inaturalist.org/observations/385902679?locale=sk,https://inaturalist-open-data.s3.amazonaws.com/photos/706523965/small.jpg
385901742,2026-07-28,Sagittaria sagittifolia,šípovka vodná,Plantae,"Klin nad Bodrogom, Košice, SK",48.3872083333,21.717895,research,1,Tomáš Rakuščinec,https://www.inaturalist.org/observations/385901742?locale=sk,https://inaturalist-open-data.s3.amazonaws.com/photos/706521905/small.jpg
385900238,2026-07-28,Natrix natrix,užovka obojková,Reptilia,"076 31 Viničky, Slovensko",48.4102661,21.7456944997,research,1,Martin Hromada,https://www.inaturalist.org/observations/385900238?locale=sk,https://static.inaturalist.org/photos/706519249/small.jpg
385899726,2026-07-28,Meles meles,Jazvec lesný,Mammalia,"076 31 Viničky, Slovensko",48.4103621,21.74598463,research,1,Martin Hromada,https://www.inaturalist.org/observations/385899726?locale=sk,https://static.inaturalist.org/photos/706518335/small.jpg
385899150,2026-07-28,Strix,sova,Aves,"076 31 Viničky, Slovensko",48.41061599,21.74594237,needs_id,0,Martin Hromada,https://www.inaturalist.org/observations/385899150?locale=sk,https://static.inaturalist.org/photos/706517011/small.jpg
385898650,2026-07-28,Martes martes,Kuna lesná,Mammalia,"076 31 Viničky, Slovensko",48.41088451,21.74604493,needs_id,0,Martin Hromada,https://www.inaturalist.org/observations/385898650?locale=sk,https://static.inaturalist.org/photos/706516120/small.jpg
385896048,2026-07-28,Mercurialis perennis,bažanka trváca,Plantae,"076 31 Viničky, Slovensko",48.4111199997,21.7457709,needs_id,0,Martin Hromada,https://www.inaturalist.org/observations/385896048?locale=sk,https://static.inaturalist.org/photos/706511136/small.jpg
386805330,2026-07-28,Merops apiaster,včelárik zlatý,Aves,"076 52 Strážne, Slovensko",48.3791892269,21.856483072,needs_id,0,Vladimir Hemala,https://www.inaturalist.org/observations/386805330?locale=sk,https://inaturalist-open-data.s3.amazonaws.com/photos/708250861/small.jpg
385896288,2026-07-28,Strix aluco,Sova obyčajná,Aves,"076 31 Viničky, Slovensko",48.4122251,21.7466586,research,2,Martin Hromada,https://www.inaturalist.org/observations/385896288?locale=sk,https://static.inaturalist.org/photos/706511533/small.jpg
386475576,2026-07-28,Parthenocissus inserta,pavinič popínavý,Plantae,"076 52 Strážne, Slovensko",48.3803741448,21.8573903292,needs_id,0,Vladimir Hemala,https://www.inaturalist.org/observations/386475576?locale=sk,https://inaturalist-open-data.s3.amazonaws.com/photos/707618775/small.jpg
386475254,2026-07-28,Anchusa officinalis,smohla lekárska,Plantae,"076 52 Strážne, Slovensko",48.3803569981,21.8575428799,research,1,Vladimir Hemala,https://www.inaturalist.org/observations/386475254?locale=sk,https://inaturalist-open-data.s3.amazonaws.com/photos/707618186/small.jpg
385896302,2026-07-28,Columba oenas,holub plúžik,Aves,"076 31 Viničky, Slovensko",48.4155184,21.7496304,needs_id,0,Martin Hromada,https://www.inaturalist.org/observations/385896302?locale=sk,https://static.inaturalist.org/photos/706511577/small.jpg
385892244,2026-07-28,Cornus mas,drieň obyčajný,Plantae,"076 31 Viničky, Slovensko",48.4155901997,21.7495356,needs_id,0,Martin Hromada,https://www.inaturalist.org/observations/385892244?locale=sk,https://static.inaturalist.org/photos/706503660/small.jpg
386086713,2026-07-28,Delphinium consolida,ostrôžka poľná,Plantae,"Kašvár, Ladmovce, Košický kraj, SK",48.4211966667,21.7653116667,research,1,Ludka Reiterova,https://www.inaturalist.org/observations/386086713?locale=sk,https://inaturalist-open-data.s3.amazonaws.com/photos/706874486/small.jpg
385893566,2026-07-28,Theridiidae,,Arachnida,"Veľká Bara 37, 076 32 Veľká Bara, Slovensko",48.428144,21.7165743997,needs_id,3,Žofia Filagová,https://www.inaturalist.org/observations/385893566?locale=sk,https://inaturalist-open-data.s3.amazonaws.com/photos/706506540/small.jpg
385891006,2026-07-28,Andricus caputmedusae,hrčiarka čiašková,Insecta,"076 31 Viničky, Slovensko",48.4178022997,21.7497371997,research,1,Martin Hromada,https://www.inaturalist.org/observations/385891006?locale=sk,https://static.inaturalist.org/photos/706501966/small.jpg
385891075,2026-07-28,Quercus cerris,dub cerový,Plantae,"Trebišov, SK-KI, SK",48.4177656997,21.7522383997,needs_id,0,Martin Hromada,https://www.inaturalist.org/observations/385891075?locale=sk,https://static.inaturalist.org/photos/706502190/small.jpg
385889627,2026-07-28,Juglans regia,orech kráľovský,Plantae,"Hrušov 203, 076 37 Rad, Slovensko",48.4329481605,21.8606039509,casual,0,Vladimir Hemala,https://www.inaturalist.org/observations/385889627?locale=sk,https://inaturalist-open-data.s3.amazonaws.com/photos/706499229/small.jpg
385896482,2026-07-28,Dama dama,daniel škvrnitý,Mammalia,"076 31 Viničky, Slovensko",48.4185563997,21.7521930997,needs_id,0,Martin Hromada,https://www.inaturalist.org/observations/385896482?locale=sk,https://static.inaturalist.org/photos/706511751/small.jpg
385896748,2026-07-28,Xylocopa,,Insecta,"076 31 Viničky, Slovensko",48.4185324997,21.7522021997,research,2,Martin Hromada,https://www.inaturalist.org/observations/385896748?locale=sk,https://static.inaturalist.org/photos/706512156/small.jpg
385896661,2026-07-28,Echinops sphaerocephalus,ježibaba guľatohlavá,Plantae,"076 31 Viničky, Slovensko",48.4185324997,21.7522021997,needs_id,0,Martin Hromada,https://www.inaturalist.org/observations/385896661?locale=sk,https://static.inaturalist.org/photos/706512355/small.jpg
385896903,2026-07-28,Delphinium consolida,ostrôžka poľná,Plantae,"076 31 Viničky, Slovensko",48.4199197,21.7514730997,needs_id,0,Martin Hromada,https://www.inaturalist.org/observations/385896903?locale=sk,https://static.inaturalist.org/photos/706512406/small.jpg
385897006,2026-07-28,Chenopodium album,mrlík biely,Plantae,"076 31 Viničky, Slovensko",48.4210575,21.750961,needs_id,0,Martin Hromada,https://www.inaturalist.org/observations/385897006?locale=sk,https://static.inaturalist.org/photos/706512615/small.jpg
385897061,2026-07-28,Amaranthus retroflexus,láskavec ohnutý,Plantae,"076 31 Viničky, Slovensko",48.4210884,21.7512189997,research,1,Martin Hromada,https://www.inaturalist.org/observations/385897061?locale=sk,https://static.inaturalist.org/photos/706512812/small.jpg
385895927,2026-07-28,,,,"076 31 Viničky, Slovensko",48.4210884,21.7512189997,needs_id,0,Martin Hromada,https://www.inaturalist.org/observations/385895927?locale=sk,https://static.inaturalist.org/photos/706511088/small.jpg
385897188,2026-07-28,Verbena officinalis,železník lekársky,Plantae,"Malá Bara 64, 076 32 Bara, Slovensko",48.4209912997,21.7423895,needs_id,0,Martin Hromada,https://www.inaturalist.org/observations/385897188?locale=sk,https://static.inaturalist.org/photos/706512993/small.jpg
386178095,2026-07-28,Dorcus parallelipipedus,roháčik obyčajný,Insecta,"Viničky 309, 076 31 Viničky, Slovensko",48.3975876384,21.7295126617,research,2,Vladimir Hemala,https://www.inaturalist.org/observations/386178095?locale=sk,https://inaturalist-open-data.s3.amazonaws.com/photos/707054011/small.jpg
386593885,2026-07-28,Xylocopa violacea,drevár fialový,Insecta,"Veľká Bara 137, 076 32 Bara, Slovensko",48.4301780829,21.7129926011,casual,0,Peter,https://www.inaturalist.org/observations/386593885?locale=sk,
385866612,2026-07-27,Aglossa pinguinalis,vijačka lojová,Insecta,"Bara 52, 076 32 Bara, Slovensko",48.4211989858,21.7386033386,needs_id,0,Vladimir Hemala,https://www.inaturalist.org/observations/385866612?locale=sk,https://inaturalist-open-data.s3.amazonaws.com/photos/706453946/small.jpg
385866778,2026-07-27,Vespula,osa,Insecta,"Bara 52, 076 32 Bara, Slovensko",48.4211435818,21.7386090383,needs_id,0,Vladimir Hemala,https://www.inaturalist.org/observations/385866778?locale=sk,https://inaturalist-open-data.s3.amazonaws.com/photos/706454304/small.jpg
385867100,2026-07-27,Cyphocleonus dealbatus,,Insecta,"Malá Bara 64, 076 32 Bara, Slovensko",48.4211353491,21.7412275448,research,1,Vladimir Hemala,https://www.inaturalist.org/observations/385867100?locale=sk,https://inaturalist-open-data.s3.amazonaws.com/photos/706455063/small.jpg
385867210,2026-07-27,Calliptamus italicus,koník ružovokrídly,Insecta,"Malá Bara 64, 076 32 Bara, Slovensko",48.4211026407,21.741296947,research,1,Vladimir Hemala,https://www.inaturalist.org/observations/385867210?locale=sk,https://inaturalist-open-data.s3.amazonaws.com/photos/706455410/small.jpg
385867422,2026-07-27,Verbena officinalis,železník lekársky,Plantae,"Malá Bara 64, 076 32 Bara, Slovensko",48.421026321,21.7429575697,research,1,Vladimir Hemala,https://www.inaturalist.org/observations/385867422?locale=sk,https://inaturalist-open-data.s3.amazonaws.com/photos/706455992/small.jpg
385867695,2026-07-27,Cetonia aurata,zlatoň obyčajný,Insecta,"076 31 Viničky, Slovensko",48.4216798186,21.7519821972,research,1,Vladimir Hemala,https://www.inaturalist.org/observations/385867695?locale=sk,https://inaturalist-open-data.s3.amazonaws.com/photos/706456643/small.jpg
386483475,2026-07-27,Humulus lupulus,chmeľ obyčajný,Plantae,"076 34 Ladmovce, Slovensko",48.4217027365,21.7520482466,research,1,Vladimir Hemala,https://www.inaturalist.org/observations/386483475?locale=sk,https://inaturalist-open-data.s3.amazonaws.com/photos/707635940/small.jpg
386483906,2026-07-27,Gryllus campestris,svrček poľný,Insecta,"076 32 Bara, Slovensko",48.4209201852,21.7453541234,research,1,Vladimir Hemala,https://www.inaturalist.org/observations/386483906?locale=sk,https://inaturalist-open-data.s3.amazonaws.com/photos/707636809/small.jpg
385617453,2026-07-27,Ganoderma lucidum,Lesklokôrovka obyčajná,Fungi,"076 05 Cejkov, Slovensko",48.4717557997,21.7196084997,research,1,Martin Hromada,https://www.inaturalist.org/observations/385617453?locale=sk,https://static.inaturalist.org/photos/706117793/small.jpg
385683126,2026-07-27,Acrida ungarica,koník stepný,Insecta,"076 03 Sirník, Slovensko",48.5215007997,21.8160191997,research,1,Žofia Filagová,https://www.inaturalist.org/observations/385683126?locale=sk,https://inaturalist-open-data.s3.amazonaws.com/photos/706098025/small.jpg
385608992,2026-07-27,Halyomorpha halys,Bzdocha mramorovaná,Insecta,"Streda nad Bodrogom 1080, 076 31 Streda nad Bodrogom, Slovensko",48.3834724823,21.7634855211,research,1,Vladimir Hemala,https://www.inaturalist.org/observations/385608992?locale=sk,https://inaturalist-open-data.s3.amazonaws.com/photos/705958752/small.jpg
385607706,2026-07-27,Cactoblastis cactorum,,Insecta,"Streda nad Bodrogom 1054, 076 31 Streda nad Bodrogom, Slovensko",48.3834773811,21.763478145,needs_id,0,Vladimir Hemala,https://www.inaturalist.org/observations/385607706?locale=sk,https://inaturalist-open-data.s3.amazonaws.com/photos/705956187/small.jpg
385607331,2026-07-27,Vespa crabro,sršeň obyčajný,Insecta,"076 02 Kašov, Slovensko",48.4751452,21.7293075997,needs_id,0,Martin Hromada,https://www.inaturalist.org/observations/385607331?locale=sk,https://static.inaturalist.org/photos/705955426/small.jpg
385607933,2026-07-27,Phyllosticta concava,,Fungi,"Streda nad Bodrogom 1080, 076 31 Streda nad Bodrogom, Slovensko",48.3834851745,21.7634694278,needs_id,0,Vladimir Hemala,https://www.inaturalist.org/observations/385607933?locale=sk,https://inaturalist-open-data.s3.amazonaws.com/photos/705956566/small.jpg
385606797,2026-07-27,Opuntia humifusa,opuncia rozprestretá,Plantae,"Streda nad Bodrogom 1080, 076 31 Streda nad Bodrogom, Slovensko",48.3834751543,21.763474457,research,1,Vladimir Hemala,https://www.inaturalist.org/observations/385606797?locale=sk,https://inaturalist-open-data.s3.amazonaws.com/photos/705954070/small.jpg
385602971,2026-07-27,Aristolochia clematitis,vlkovec obyčajný,Plantae,"Malá Bara, Bara, Košice, SK",48.422648335,21.725928173,research,1,Alexia,https://www.inaturalist.org/observations/385602971?locale=sk,https://inaturalist-open-data.s3.amazonaws.com/photos/705948014/small.jpg
385602212,2026-07-27,Vespa crabro,sršeň obyčajný,Insecta,"Ulica Františka Rákocziho, Borša, Košice, SK",48.3875495207,21.7061719306,research,2,Martin Lukáň,https://www.inaturalist.org/observations/385602212?locale=sk,https://inaturalist-open-data.s3.amazonaws.com/photos/705946562/small.jpg
386181597,2026-07-27,Populus alba,topoľ biely,Plantae,"CR7C+QQ, 076 35 Somotor, Slovensko",48.412655,21.8226983333,needs_id,0,Benjamín Jarčuška,https://www.inaturalist.org/observations/386181597?locale=sk,https://static.inaturalist.org/photos/707061086/small.jpg
386181774,2026-07-27,Sinanodonta woodiana,škľabka ázijská,Mollusca,"CR7C+QQ, 076 35 Somotor, Slovensko",48.4123466667,21.8225633333,needs_id,0,Benjamín Jarčuška,https://www.inaturalist.org/observations/386181774?locale=sk,https://static.inaturalist.org/photos/707061376/small.jpg
385598591,2026-07-27,Pelophylax,,Amphibia,"Borša, Košice, SK",48.3872124873,21.7070740081,needs_id,0,Martin Lukáň,https://www.inaturalist.org/observations/385598591?locale=sk,https://inaturalist-open-data.s3.amazonaws.com/photos/705939245/small.jpg
385602937,2026-07-27,Erigeron annuus,hviezdnik ročný,Plantae,"Bara, Košice, SK",48.4316698193,21.7165941113,needs_id,0,Alexia,https://www.inaturalist.org/observations/385602937?locale=sk,https://inaturalist-open-data.s3.amazonaws.com/photos/705947958/small.jpg
385602886,2026-07-27,Anthemideae,,Plantae,"Bara, Košice, SK",48.4316444363,21.7165261722,needs_id,0,Alexia,https://www.inaturalist.org/observations/385602886?locale=sk,https://inaturalist-open-data.s3.amazonaws.com/photos/705947906/small.jpg
385596061,2026-07-27,Megacollybia platyphylla,povraznica širokolupeňová,Fungi,"Cejkov 253, 076 05 Cejkov, Slovensko",48.45993315,21.75351793,research,2,Martin Hromada,https://www.inaturalist.org/observations/385596061?locale=sk,https://static.inaturalist.org/photos/705934163/small.jpg
385642526,2026-07-27,Lacerta viridis,jašterica zelená,Reptilia,"Streda nad Bodrogom, Košický kraj, SK",48.3653366667,21.790975,research,4,Ludka Reiterova,https://www.inaturalist.org/observations/385642526?locale=sk,https://inaturalist-open-data.s3.amazonaws.com/photos/706021986/small.jpg
385593262,2026-07-27,Natrix natrix,užovka obojková,Reptilia,"Ulica Františka Rákocziho, Borša, Košice, SK",48.3874483114,21.7060470845,research,1,Martin Lukáň,https://www.inaturalist.org/observations/385593262?locale=sk,https://inaturalist-open-data.s3.amazonaws.com/photos/705929143/small.jpg
385592695,2026-07-27,Dendrocopos major,ďateľ veľký,Aves,"076 05 Cejkov, Slovensko",48.45054629,21.75751817,needs_id,0,Martin Hromada,https://www.inaturalist.org/observations/385592695?locale=sk,https://static.inaturalist.org/photos/705928175/small.jpg
385593039,2026-07-27,Euphorbia cyparissias,mliečnik chvojkový,Plantae,"Bara, Košice, SK",48.4287138596,21.7101368558,needs_id,0,Alexia,https://www.inaturalist.org/observations/385593039?locale=sk,https://inaturalist-open-data.s3.amazonaws.com/photos/705928672/small.jpg
385593017,2026-07-27,Euphorbia cyparissias,mliečnik chvojkový,Plantae,"Bara, Košice, SK",48.4313716624,21.7170530001,research,1,Alexia,https://www.inaturalist.org/observations/385593017?locale=sk,https://inaturalist-open-data.s3.amazonaws.com/photos/705928612/small.jpg
385593003,2026-07-27,Malva thuringiaca,slez durínsky,Plantae,"Veľká Bara, Bara, Košice, SK",48.4312269339,21.716937377,research,1,Alexia,https://www.inaturalist.org/observations/385593003?locale=sk,https://inaturalist-open-data.s3.amazonaws.com/photos/705928577/small.jpg
386482342,2026-07-27,Golovinomyces asperifolii,,Fungi,"076 36 Veľký Kamenec, Slovensko",48.362342417,21.7894254997,needs_id,0,Vladimir Hemala,https://www.inaturalist.org/observations/386482342?locale=sk,https://inaturalist-open-data.s3.amazonaws.com/photos/707633826/small.jpg
386482794,2026-07-27,Echium vulgare,hadinec obyčajný,Plantae,"076 36 Veľký Kamenec, Slovensko",48.3623428625,21.7894244939,needs_id,0,Vladimir Hemala,https://www.inaturalist.org/observations/386482794?locale=sk,https://inaturalist-open-data.s3.amazonaws.com/photos/707634852/small.jpg
386484924,2026-07-27,Falcaria vulgaris,kosáčik obyčajný,Plantae,"076 31 Streda nad Bodrogom, Slovensko",48.362604386,21.7893762141,research,1,Vladimir Hemala,https://www.inaturalist.org/observations/386484924?locale=sk,https://inaturalist-open-data.s3.amazonaws.com/photos/707639083/small.jpg
386485143,2026-07-27,Graphosoma italicum italicum,,Insecta,"076 31 Streda nad Bodrogom, Slovensko",48.3625471361,21.7893413454,research,1,Vladimir Hemala,https://www.inaturalist.org/observations/386485143?locale=sk,https://inaturalist-open-data.s3.amazonaws.com/photos/707639434/small.jpg
385593084,2026-07-27,Mentha longifolia,Mäta dlholistá,Plantae,"Veľká Bara, Bara, Košice, SK",48.4298843318,21.7169027721,needs_id,0,Alexia,https://www.inaturalist.org/observations/385593084?locale=sk,https://inaturalist-open-data.s3.amazonaws.com/photos/705928785/small.jpg
386486956,2026-07-27,Chlorophorus varius,,Insecta,"076 31 Streda nad Bodrogom, Slovensko",48.362637132,21.7893064767,research,1,Vladimir Hemala,https://www.inaturalist.org/observations/386486956?locale=sk,https://inaturalist-open-data.s3.amazonaws.com/photos/707643307/small.jpg
386487138,2026-07-27,Eryngium campestre,kotúč poľný,Plantae,"076 31 Streda nad Bodrogom, Slovensko",48.3626627497,21.78943187,research,1,Vladimir Hemala,https://www.inaturalist.org/observations/386487138?locale=sk,https://inaturalist-open-data.s3.amazonaws.com/photos/707643706/small.jpg
385583437,2026-07-27,Anthaxia olympica,,Insecta,"Streda nad Bodrogom, Košice, SK",48.3673727325,21.7904638783,research,4,Martin Lukáň,https://www.inaturalist.org/observations/385583437?locale=sk,https://inaturalist-open-data.s3.amazonaws.com/photos/705910436/small.jpg
385592651,2026-07-27,Paulownia tomentosa,paulovnia plstnatá,Plantae,"Veľká Bara, Bara, Košice, SK",48.425524658,21.7164122537,needs_id,0,Alexia,https://www.inaturalist.org/observations/385592651?locale=sk,https://inaturalist-open-data.s3.amazonaws.com/photos/705928017/small.jpg
386489264,2026-07-27,Heliomata glarearia,listnatka žltkastá,Insecta,"076 31 Streda nad Bodrogom, Slovensko",48.3649638286,21.7910532653,research,1,Vladimir Hemala,https://www.inaturalist.org/observations/386489264?locale=sk,https://inaturalist-open-data.s3.amazonaws.com/photos/707647784/small.jpg
386489470,2026-07-27,Phasianus colchicus,bažant obyčajný,Aves,"076 31 Streda nad Bodrogom, Slovensko",48.3671870666,21.7910626531,needs_id,0,Vladimir Hemala,https://www.inaturalist.org/observations/386489470?locale=sk,https://inaturalist-open-data.s3.amazonaws.com/photos/707648174/small.jpg
385587993,2026-07-27,Ficedula,muchárik,Aves,"076 05 Cejkov, Slovensko",48.43852482,21.74601042,needs_id,0,Martin Hromada,https://www.inaturalist.org/observations/385587993?locale=sk,https://static.inaturalist.org/photos/705918517/small.jpg
385582574,2026-07-27,Rubus armeniacus,ostružina sladkoplodá,Plantae,"076 31 Streda nad Bodrogom, Slovensko",48.3671835027,21.7910663411,needs_id,0,Vladimir Hemala,https://www.inaturalist.org/observations/385582574?locale=sk,https://inaturalist-open-data.s3.amazonaws.com/photos/705908727/small.jpg
385581045,2026-07-27,Cerambyx cerdo,fuzáč veľký,Insecta,"076 05 Cejkov, Slovensko",48.43760179,21.74568374,research,1,Martin Hromada,https://www.inaturalist.org/observations/385581045?locale=sk,https://static.inaturalist.org/photos/705905685/small.jpg
385580770,2026-07-27,Cerambyx cerdo,fuzáč veľký,Insecta,"076 05 Cejkov, Slovensko",48.43739718,21.74658301,research,1,Martin Hromada,https://www.inaturalist.org/observations/385580770?locale=sk,https://static.inaturalist.org/photos/705904979/small.jpg
385583677,2026-07-27,Macrothylacia rubi,priadkovec černicový,Insecta,"Streda nad Bodrogom, Košice, SK",48.3681007082,21.7880606302,research,1,Martin Lukáň,https://www.inaturalist.org/observations/385583677?locale=sk,https://inaturalist-open-data.s3.amazonaws.com/photos/705910920/small.jpg
385579683,2026-07-27,Calliptamus italicus,koník ružovokrídly,Insecta,"Streda nad Bodrogom, Košice, SK",48.3681007082,21.7880606302,research,1,Martin Lukáň,https://www.inaturalist.org/observations/385579683?locale=sk,https://inaturalist-open-data.s3.amazonaws.com/photos/705902710/small.jpg
385580723,2026-07-27,Dendrocopos major,ďateľ veľký,Aves,"076 05 Cejkov, Slovensko",48.43580027,21.74778175,needs_id,0,Martin Hromada,https://www.inaturalist.org/observations/385580723?locale=sk,https://static.inaturalist.org/photos/705904819/small.jpg
385579120,2026-07-27,Pseudochorthippus parallelus,koník dlhotykadlový,Insecta,"Streda nad Bodrogom, Košice, SK",48.3681007082,21.7880606302,research,1,Martin Lukáň,https://www.inaturalist.org/observations/385579120?locale=sk,https://inaturalist-open-data.s3.amazonaws.com/photos/705901468/small.jpg
385592549,2026-07-27,Lythrum virgatum,Vrbica prútnatá,Plantae,"Cesta 3670, Bara, Košice, SK",48.4227395545,21.723610434,needs_id,0,Alexia,https://www.inaturalist.org/observations/385592549?locale=sk,https://inaturalist-open-data.s3.amazonaws.com/photos/705927807/small.jpg
385867794,2026-07-27,Protaetia speciosissima,zlatoň skvostný,Insecta,"076 05 Cejkov, Slovensko",48.4328149997,21.7486463,research,1,Martin Hromada,https://www.inaturalist.org/observations/385867794?locale=sk,https://static.inaturalist.org/photos/706456914/small.jpg
385592537,2026-07-27,Asparagus officinalis,asparágus lekársky,Plantae,"Cesta 3670, Bara, Košice, SK",48.4226687704,21.7240259211,needs_id,0,Alexia,https://www.inaturalist.org/observations/385592537?locale=sk,https://inaturalist-open-data.s3.amazonaws.com/photos/705927762/small.jpg
385577950,2026-07-27,Crocidura leucodon,Bielozúbka bielobruchá,Mammalia,"Streda nad Bodrogom, Košice, SK",48.3684479987,21.7870066643,research,1,Martin Lukáň,https://www.inaturalist.org/observations/385577950?locale=sk,https://inaturalist-open-data.s3.amazonaws.com/photos/705899614/small.jpg
385576719,2026-07-27,Bombus lapidarius,čmeľ skalný,Insecta,"076 32 Černochov, Slovakia",48.4310672778,21.7469214694,needs_id,0,Martin Hromada,https://www.inaturalist.org/observations/385576719?locale=sk,https://static.inaturalist.org/photos/705897308/small.jpg
385576466,2026-07-27,Ganoderma lucidum,Lesklokôrovka obyčajná,Fungi,"076 32 Černochov, Slovakia",48.4301754997,21.7462854997,research,1,Martin Hromada,https://www.inaturalist.org/observations/385576466?locale=sk,https://static.inaturalist.org/photos/705896971/small.jpg
385592518,2026-07-27,Cannabis sativa,konopa siata,Plantae,"Malá Bara, Bara, Košice, SK",48.4220712665,21.7284086891,needs_id,0,Alexia,https://www.inaturalist.org/observations/385592518?locale=sk,https://inaturalist-open-data.s3.amazonaws.com/photos/705927715/small.jpg
385592504,2026-07-27,Reynoutria japonica,pohánkovec japonský,Plantae,"Trebišov, SK-KI, SK",48.4213719992,21.7306078551,needs_id,0,Alexia,https://www.inaturalist.org/observations/385592504?locale=sk,https://inaturalist-open-data.s3.amazonaws.com/photos/705927661/small.jpg
385574676,2026-07-27,Lacerta viridis,jašterica zelená,Reptilia,"Streda nad Bodrogom, Košice, SK",48.3705533333,21.78522,research,1,Martin Lukáň,https://www.inaturalist.org/observations/385574676?locale=sk,https://inaturalist-open-data.s3.amazonaws.com/photos/705893575/small.jpg
386481588,2026-07-27,Coccinula quatuordecimpustulata,lienka štrnásťškvrnná,Insecta,"076 31 Streda nad Bodrogom, Slovensko",48.3705403394,21.7854082212,needs_id,0,Vladimir Hemala,https://www.inaturalist.org/observations/386481588?locale=sk,https://inaturalist-open-data.s3.amazonaws.com/photos/707632448/small.jpg
386181799,2026-07-27,Acrida ungarica,koník stepný,Insecta,"076 52 Veľký Horeš, Slovensko",48.3856141,21.9127803,research,1,Benjamín Jarčuška,https://www.inaturalist.org/observations/386181799?locale=sk,https://static.inaturalist.org/photos/707061442/small.jpg
386086917,2026-07-27,Xylocopa,,Insecta,"Streda nad Bodrogom, Košický kraj, SK",48.3707033333,21.785075,needs_id,3,Ludka Reiterova,https://www.inaturalist.org/observations/386086917?locale=sk,https://inaturalist-open-data.s3.amazonaws.com/photos/706874828/small.jpg
386181925,2026-07-27,Chorthippus dichrous,koník nížinný,Insecta,"076 52 Veľký Horeš, Slovensko",48.3835329,21.9100956,research,1,Benjamín Jarčuška,https://www.inaturalist.org/observations/386181925?locale=sk,https://static.inaturalist.org/photos/707061642/small.jpg
386481290,2026-07-27,Oecanthus pellucens,Jesienka spevavá,Insecta,"076 31 Streda nad Bodrogom, Slovensko",48.3705741939,21.785270758,research,1,Vladimir Hemala,https://www.inaturalist.org/observations/386481290?locale=sk,https://inaturalist-open-data.s3.amazonaws.com/photos/707631752/small.jpg
386481115,2026-07-27,Cteniopus sulphureus,,Insecta,"076 31 Streda nad Bodrogom, Slovensko",48.371957312,21.7837351933,needs_id,0,Vladimir Hemala,https://www.inaturalist.org/observations/386481115?locale=sk,https://inaturalist-open-data.s3.amazonaws.com/photos/707631411/small.jpg
385572029,2026-07-27,Cteniopus sulphureus,,Insecta,"Streda nad Bodrogom, Košice, SK",48.371871607,21.7837910507,needs_id,0,Martin Lukáň,https://www.inaturalist.org/observations/385572029?locale=sk,https://inaturalist-open-data.s3.amazonaws.com/photos/705888146/small.jpg
385571741,2026-07-27,Pseudevernia furfuracea,pakonárik otrubový,Fungi,"076 32 Bara, Slovakia",48.42619298,21.74330937,needs_id,0,Martin Hromada,https://www.inaturalist.org/observations/385571741?locale=sk,https://static.inaturalist.org/photos/705887939/small.jpg
386479573,2026-07-27,Viscum album,imelo biele,Plantae,"076 31 Streda nad Bodrogom, Slovensko",48.3736657783,21.7823776603,research,1,Vladimir Hemala,https://www.inaturalist.org/observations/386479573?locale=sk,https://inaturalist-open-data.s3.amazonaws.com/photos/707627716/small.jpg
385570880,2026-07-27,Lagria hirta,,Insecta,"Streda nad Bodrogom, Košice, SK",48.373695889,21.7818669638,needs_id,0,Martin Lukáň,https://www.inaturalist.org/observations/385570880?locale=sk,https://inaturalist-open-data.s3.amazonaws.com/photos/705886778/small.jpg
386479345,2026-07-27,Lagria hirta,,Insecta,"076 31 Streda nad Bodrogom, Slovensko",48.3737083167,21.7818599939,needs_id,0,Vladimir Hemala,https://www.inaturalist.org/observations/386479345?locale=sk,https://inaturalist-open-data.s3.amazonaws.com/photos/707627268/small.jpg
385570831,2026-07-27,Chelidonium majus,lastovičník väčší,Plantae,"076 31 Streda nad Bodrogom, Slovensko",48.3737194523,21.7816286534,research,1,Vladimir Hemala,https://www.inaturalist.org/observations/385570831?locale=sk,https://inaturalist-open-data.s3.amazonaws.com/photos/705886761/small.jpg
386479006,2026-07-27,Parectopa robiniella,psotka agátová,Insecta,"076 31 Streda nad Bodrogom, Slovensko",48.3737132164,21.7817895859,needs_id,0,Vladimir Hemala,https://www.inaturalist.org/observations/386479006?locale=sk,https://inaturalist-open-data.s3.amazonaws.com/photos/707626658/small.jpg
386478705,2026-07-27,Graphosoma italicum italicum,,Insecta,"076 31 Streda nad Bodrogom, Slovensko",48.3740430542,21.7801547796,research,1,Vladimir Hemala,https://www.inaturalist.org/observations/386478705?locale=sk,https://inaturalist-open-data.s3.amazonaws.com/photos/707625988/small.jpg
385569645,2026-07-27,Loranthus europaeus,imelovec európsky,Plantae,"076 32 Bara, Slovakia",48.425719,21.7433301,needs_id,0,Martin Hromada,https://www.inaturalist.org/observations/385569645?locale=sk,https://static.inaturalist.org/photos/705883986/small.jpg
385868327,2026-07-27,Lucanus cervus,roháč veľký,Insecta,"076 32 Bara, Slovensko",48.4256102,21.7434402997,research,5,Martin Hromada,https://www.inaturalist.org/observations/385868327?locale=sk,https://static.inaturalist.org/photos/706457884/small.jpg
386478350,2026-07-27,Ambrosia artemisiifolia,ambrózia palinolistá,Plantae,"076 31 Streda nad Bodrogom, Slovensko",48.3741067498,21.7794456705,research,1,Vladimir Hemala,https://www.inaturalist.org/observations/386478350?locale=sk,https://inaturalist-open-data.s3.amazonaws.com/photos/707625181/small.jpg
386477268,2026-07-27,Gleditsia triacanthos,gledíčia trojtŕňová,Plantae,"076 31 Streda nad Bodrogom, Slovensko",48.3740597576,21.7791901901,research,1,Vladimir Hemala,https://www.inaturalist.org/observations/386477268?locale=sk,https://inaturalist-open-data.s3.amazonaws.com/photos/707622811/small.jpg
386591317,2026-07-27,Staphylinus,drobčík,Insecta,"Bara 52, 076 32 Bara, Slovensko",48.4210234284,21.7388316616,needs_id,0,,https://www.inaturalist.org/observations/386591317?locale=sk,https://inaturalist-open-data.s3.amazonaws.com/photos/707845716/small.jpg
386476986,2026-07-27,Ailanthus altissima,pajaseň žliazkatý,Plantae,"076 31 Streda nad Bodrogom, Slovensko",48.3745728837,21.7790118232,research,2,Vladimir Hemala,https://www.inaturalist.org/observations/386476986?locale=sk,https://inaturalist-open-data.s3.amazonaws.com/photos/707622218/small.jpg
385868418,2026-07-27,Quercus petraea,dub zimný,Plantae,"076 32 Bara, Slovensko",48.4247276997,21.7439639,needs_id,0,Martin Hromada,https://www.inaturalist.org/observations/385868418?locale=sk,https://static.inaturalist.org/photos/706458195/small.jpg
386476787,2026-07-27,Centaurea,"nevädza, benedikt",Plantae,"076 31 Streda nad Bodrogom, Slovensko",48.3748118508,21.7791445926,needs_id,0,Vladimir Hemala,https://www.inaturalist.org/observations/386476787?locale=sk,https://inaturalist-open-data.s3.amazonaws.com/photos/707621699/small.jpg
386476076,2026-07-27,Gypsophila paniculata,gypsomilka metlinatá,Plantae,"076 31 Streda nad Bodrogom, Slovensko",48.3747646365,21.7791033536,needs_id,0,Vladimir Hemala,https://www.inaturalist.org/observations/386476076?locale=sk,https://inaturalist-open-data.s3.amazonaws.com/photos/707619946/small.jpg
386476430,2026-07-27,Verbascum,divozel,Plantae,"076 31 Streda nad Bodrogom, Slovensko",48.3747688679,21.7791107297,needs_id,0,Vladimir Hemala,https://www.inaturalist.org/observations/386476430?locale=sk,https://inaturalist-open-data.s3.amazonaws.com/photos/707620843/small.jpg
385567051,2026-07-27,Anthoxanthum odoratum,tomka voňavá,Plantae,"076 32 Bara, Slovakia",48.4234748,21.7435824997,needs_id,0,Martin Hromada,https://www.inaturalist.org/observations/385567051?locale=sk,https://static.inaturalist.org/photos/705879271/small.jpg
385555349,2026-07-27,Felis silvestris,Mačka divá,Mammalia,"Cesta 3667, Bara, Košice, SK",48.4128457681,21.7156331521,research,1,Martin Lukáň,https://www.inaturalist.org/observations/385555349?locale=sk,https://inaturalist-open-data.s3.amazonaws.com/photos/705856419/small.jpg
385538940,2026-07-27,Eilema,spriadač,Insecta,"Viničky 309, 076 31 Viničky, Slovensko",48.3976103445,21.729475446,needs_id,0,Vladimir Hemala,https://www.inaturalist.org/observations/385538940?locale=sk,https://inaturalist-open-data.s3.amazonaws.com/photos/705825807/small.jpg
385539362,2026-07-27,Lamoria,,Insecta,"Viničky 309, 076 31 Viničky, Slovensko",48.3976074506,21.7294744402,needs_id,0,Vladimir Hemala,https://www.inaturalist.org/observations/385539362?locale=sk,https://inaturalist-open-data.s3.amazonaws.com/photos/705826638/small.jpg
386183606,2026-07-27,Oecanthus pellucens,Jesienka spevavá,Insecta,"Bara 52, 076 32 Bara, Slovensko",48.4203975135,21.7382033542,research,1,Benjamín Jarčuška,https://www.inaturalist.org/observations/386183606?locale=sk,
385416374,2026-07-26,Syricoris lacunana,obaľovač kalužinový,Insecta,"Viničky 309, 076 31 Viničky, Slovensko",48.3975727236,21.729500927,needs_id,0,Vladimir Hemala,https://www.inaturalist.org/observations/385416374?locale=sk,https://inaturalist-open-data.s3.amazonaws.com/photos/705585342/small.jpg
385415823,2026-07-26,Sterrhinae,,Insecta,"Viničky 309, 076 31 Viničky, Slovensko",48.3975729462,21.7294955626,needs_id,0,Vladimir Hemala,https://www.inaturalist.org/observations/385415823?locale=sk,https://inaturalist-open-data.s3.amazonaws.com/photos/705584440/small.jpg
385531122,2026-07-26,Harpalus,behúnik,Insecta,"Viničky 309, 076 31 Viničky, Slovensko",48.3975731688,21.7294942215,needs_id,0,Vladimir Hemala,https://www.inaturalist.org/observations/385531122?locale=sk,https://inaturalist-open-data.s3.amazonaws.com/photos/705809647/small.jpg
385379984,2026-07-26,Hyla arborea,Rosnička zelená,Amphibia,"Viničky 309, 076 31 Viničky, Slovensko",48.3975849671,21.7295374721,needs_id,1,Vladimir Hemala,https://www.inaturalist.org/observations/385379984?locale=sk,https://inaturalist-open-data.s3.amazonaws.com/photos/705515241/small.jpg
385380614,2026-07-26,Phytocoris,bzdôška,Insecta,"Viničky 309, 076 31 Viničky, Slovensko",48.3975894193,21.7295136675,needs_id,0,Vladimir Hemala,https://www.inaturalist.org/observations/385380614?locale=sk,https://inaturalist-open-data.s3.amazonaws.com/photos/705516547/small.jpg
385382784,2026-07-26,Lactuca saligna,šalát vŕbolistý,Plantae,"Viničky 415, 076 31 Viničky, Slovensko",48.3974896903,21.7298033461,needs_id,0,Vladimir Hemala,https://www.inaturalist.org/observations/385382784?locale=sk,https://inaturalist-open-data.s3.amazonaws.com/photos/705520404/small.jpg
386194350,2026-07-26,Lacerta,,Reptilia,"Malá Bara, Bara, Košice, SK",48.4214083333,21.7371866667,needs_id,0,,https://www.inaturalist.org/observations/386194350?locale=sk,https://inaturalist-open-data.s3.amazonaws.com/photos/707083521/small.jpg
385386229,2026-07-26,Vespula,osa,Insecta,"Malá Bara 64, 076 32 Bara, Slovensko",48.4217089666,21.7378573492,needs_id,0,Vladimir Hemala,https://www.inaturalist.org/observations/385386229?locale=sk,https://inaturalist-open-data.s3.amazonaws.com/photos/705526835/small.jpg
385531549,2026-07-26,Ammophila,kutavka,Insecta,"076 34 Ladmovce, Slovensko",48.4070411937,21.7713909969,needs_id,0,Vladimir Hemala,https://www.inaturalist.org/observations/385531549?locale=sk,https://inaturalist-open-data.s3.amazonaws.com/photos/705810343/small.jpg
385531986,2026-07-26,Lepidoptera,motýle,Insecta,"076 34 Ladmovce, Slovensko",48.4075052455,21.7718302086,needs_id,4,Vladimir Hemala,https://www.inaturalist.org/observations/385531986?locale=sk,https://inaturalist-open-data.s3.amazonaws.com/photos/705811390/small.jpg
385384907,2026-07-26,Oedipoda caerulescens,koník modrokrídly,Insecta,"076 34 Ladmovce, Slovensko",48.4075119225,21.7716216668,research,1,Vladimir Hemala,https://www.inaturalist.org/observations/385384907?locale=sk,https://inaturalist-open-data.s3.amazonaws.com/photos/705524588/small.jpg
385386998,2026-07-26,Caucasotachea vindobonensis,pásikavec lesostepný,Mollusca,"076 34 Ladmovce, Slovensko",48.4114153531,21.7698919773,needs_id,0,Vladimir Hemala,https://www.inaturalist.org/observations/385386998?locale=sk,https://inaturalist-open-data.s3.amazonaws.com/photos/705528129/small.jpg
385395262,2026-07-26,Eryngium campestre,kotúč poľný,Plantae,"076 34 Ladmovce, Slovensko",48.4111832343,21.7703811452,research,1,Vladimir Hemala,https://www.inaturalist.org/observations/385395262?locale=sk,https://inaturalist-open-data.s3.amazonaws.com/photos/705542631/small.jpg
385387812,2026-07-26,Funaria hygrometrica,skrutok vlahojavný,Plantae,"076 34 Ladmovce, Slovensko",48.4110919889,21.7708807066,needs_id,0,Vladimir Hemala,https://www.inaturalist.org/observations/385387812?locale=sk,https://inaturalist-open-data.s3.amazonaws.com/photos/705529399/small.jpg
385532440,2026-07-26,Formicidae,mravcovité,Insecta,"076 34 Ladmovce, Slovensko",48.4108747795,21.7721554264,needs_id,0,Vladimir Hemala,https://www.inaturalist.org/observations/385532440?locale=sk,https://inaturalist-open-data.s3.amazonaws.com/photos/705812360/small.jpg
385532809,2026-07-26,Echium vulgare,hadinec obyčajný,Plantae,"076 34 Ladmovce, Slovensko",48.4104979993,21.7721389979,research,1,Vladimir Hemala,https://www.inaturalist.org/observations/385532809?locale=sk,https://inaturalist-open-data.s3.amazonaws.com/photos/705813096/small.jpg
385388498,2026-07-26,Grimmia,drobivka,Plantae,"076 34 Ladmovce, Slovensko",48.4095583732,21.7720652372,needs_id,0,Vladimir Hemala,https://www.inaturalist.org/observations/385388498?locale=sk,https://inaturalist-open-data.s3.amazonaws.com/photos/705530561/small.jpg
385389473,2026-07-26,Ligustrum vulgare,vtáčí zob,Plantae,"076 34 Ladmovce, Slovensko",48.4094406406,21.7719609663,research,1,Vladimir Hemala,https://www.inaturalist.org/observations/385389473?locale=sk,https://inaturalist-open-data.s3.amazonaws.com/photos/705532156/small.jpg
385390715,2026-07-26,Adonis vernalis,hlaváčik jarný,Plantae,"076 34 Ladmovce, Slovensko",48.408380144,21.7729674652,needs_id,0,Vladimir Hemala,https://www.inaturalist.org/observations/385390715?locale=sk,https://inaturalist-open-data.s3.amazonaws.com/photos/705534424/small.jpg
385394228,2026-07-26,Chorosoma schillingii,obrubnica tenká,Insecta,"076 34 Ladmovce, Slovensko",48.4080716722,21.7729815468,needs_id,0,Vladimir Hemala,https://www.inaturalist.org/observations/385394228?locale=sk,https://inaturalist-open-data.s3.amazonaws.com/photos/705540798/small.jpg
385396092,2026-07-26,Eryngium campestre,kotúč poľný,Plantae,"076 34 Ladmovce, Slovensko",48.4083919398,21.7732685432,research,1,Vladimir Hemala,https://www.inaturalist.org/observations/385396092?locale=sk,https://inaturalist-open-data.s3.amazonaws.com/photos/705544289/small.jpg
385533085,2026-07-26,Adonis vernalis,hlaváčik jarný,Plantae,"076 34 Ladmovce, Slovensko",48.4078655782,21.7725466937,needs_id,0,Vladimir Hemala,https://www.inaturalist.org/observations/385533085?locale=sk,https://inaturalist-open-data.s3.amazonaws.com/photos/705813640/small.jpg
385533547,2026-07-26,Grimmia,drobivka,Plantae,"076 34 Ladmovce, Slovensko",48.4075702346,21.7719670013,needs_id,0,Vladimir Hemala,https://www.inaturalist.org/observations/385533547?locale=sk,https://inaturalist-open-data.s3.amazonaws.com/photos/705814498/small.jpg
385534050,2026-07-26,Oecanthus pellucens,Jesienka spevavá,Insecta,"076 34 Ladmovce, Slovensko",48.4074776473,21.7722821608,research,1,Vladimir Hemala,https://www.inaturalist.org/observations/385534050?locale=sk,https://inaturalist-open-data.s3.amazonaws.com/photos/705815509/small.jpg
385534341,2026-07-26,Lamiaceae,hluchavkovité,Plantae,"076 34 Ladmovce, Slovensko",48.4071371204,21.7718349025,needs_id,0,Vladimir Hemala,https://www.inaturalist.org/observations/385534341?locale=sk,https://inaturalist-open-data.s3.amazonaws.com/photos/705816127/small.jpg
385534639,2026-07-26,Xerolenta obvia,suchomilka stepná,Mollusca,"076 34 Ladmovce, Slovensko",48.4065989496,21.7715116963,needs_id,0,Vladimir Hemala,https://www.inaturalist.org/observations/385534639?locale=sk,https://inaturalist-open-data.s3.amazonaws.com/photos/705816722/small.jpg
385534867,2026-07-26,Artemisia absinthium,palina pravá,Plantae,"076 34 Ladmovce, Slovensko",48.4065978368,21.7715110257,needs_id,1,Vladimir Hemala,https://www.inaturalist.org/observations/385534867?locale=sk,https://inaturalist-open-data.s3.amazonaws.com/photos/705817184/small.jpg
385535015,2026-07-26,Gonocerus acuteangulatus,,Insecta,"Bara 52, 076 32 Bara, Slovensko",48.4208472028,21.7381855845,needs_id,0,Vladimir Hemala,https://www.inaturalist.org/observations/385535015?locale=sk,https://inaturalist-open-data.s3.amazonaws.com/photos/705817535/small.jpg
385535304,2026-07-26,Rubus armeniacus,ostružina sladkoplodá,Plantae,"Bara 52, 076 32 Bara, Slovensko",48.4209471085,21.7381815612,needs_id,0,Vladimir Hemala,https://www.inaturalist.org/observations/385535304?locale=sk,https://inaturalist-open-data.s3.amazonaws.com/photos/705818270/small.jpg
385536079,2026-07-26,Anchusa officinalis,smohla lekárska,Plantae,"076 05 Brehov, Slovensko",48.4818258903,21.8076390401,research,1,Vladimir Hemala,https://www.inaturalist.org/observations/385536079?locale=sk,https://inaturalist-open-data.s3.amazonaws.com/photos/705819674/small.jpg
385536302,2026-07-26,Prunus laurocerasus,vavrínovec lekársky,Plantae,"076 05 Brehov, Slovensko",48.4818785612,21.807666868,casual,0,Vladimir Hemala,https://www.inaturalist.org/observations/385536302?locale=sk,https://inaturalist-open-data.s3.amazonaws.com/photos/705820234/small.jpg
385224258,2026-07-26,Ambrosia artemisiifolia,ambrózia palinolistá,Plantae,"076 05 Brehov, Slovensko",48.4818512257,21.8076762557,research,1,Vladimir Hemala,https://www.inaturalist.org/observations/385224258?locale=sk,https://inaturalist-open-data.s3.amazonaws.com/photos/705239222/small.jpg
385220643,2026-07-26,Nuphar lutea,leknica žltá,Plantae,"Klin nad Bodrogom 35, 076 31 Klin nad Bodrogom, Slovakia",48.3844289997,21.7206997,needs_id,0,Martin Hromada,https://www.inaturalist.org/observations/385220643?locale=sk,https://static.inaturalist.org/photos/705232622/small.jpg
385211808,2026-07-26,Aculus tetanothrix,,Arachnida,"076 05 Brehov, Slovensko",48.4822785918,21.8078234419,research,1,Vladimir Hemala,https://www.inaturalist.org/observations/385211808?locale=sk,https://inaturalist-open-data.s3.amazonaws.com/photos/705215579/small.jpg
385536504,2026-07-26,Salix,vŕba,Plantae,"076 05 Brehov, Slovensko",48.4822785918,21.8078167364,casual,0,Vladimir Hemala,https://www.inaturalist.org/observations/385536504?locale=sk,https://inaturalist-open-data.s3.amazonaws.com/photos/705820739/small.jpg
385327945,2026-07-26,Natrix natrix,užovka obojková,Reptilia,"Boťany, Košice, SK",48.4665719632,22.1166476688,research,2,Martin Lukáň,https://www.inaturalist.org/observations/385327945?locale=sk,https://inaturalist-open-data.s3.amazonaws.com/photos/705414158/small.jpg
385206884,2026-07-26,Cynips longiventris,,Insecta,"Oborín 1, 076 75 Oborín, Slovensko",48.5424768,21.8954032,research,1,Žofia Filagová,https://www.inaturalist.org/observations/385206884?locale=sk,https://inaturalist-open-data.s3.amazonaws.com/photos/705204859/small.jpg
385207237,2026-07-26,Neuroterus quercusbaccarum,,Insecta,"Oborín 1, 076 75 Oborín, Slovensko",48.5427808,21.8952959,research,1,Žofia Filagová,https://www.inaturalist.org/observations/385207237?locale=sk,https://inaturalist-open-data.s3.amazonaws.com/photos/705205705/small.jpg
385206113,2026-07-26,Caucasotachea vindobonensis,pásikavec lesostepný,Mollusca,"Oborín 1, 076 75 Oborín, Slovensko",48.5425369094,21.8955336884,research,1,Vladimir Hemala,https://www.inaturalist.org/observations/385206113?locale=sk,https://inaturalist-open-data.s3.amazonaws.com/photos/705203257/small.jpg
385212819,2026-07-26,Metcalfa pruinosa,,Insecta,"076 75 Oborín, Slovensko",48.5424614381,21.8957727402,research,1,Vladimir Hemala,https://www.inaturalist.org/observations/385212819?locale=sk,https://inaturalist-open-data.s3.amazonaws.com/photos/705217936/small.jpg
385202234,2026-07-26,Andricus foecundatrix,,Insecta,"076 75 Oborín, Slovensko",48.5420063997,21.8967823997,research,1,Žofia Filagová,https://www.inaturalist.org/observations/385202234?locale=sk,https://inaturalist-open-data.s3.amazonaws.com/photos/705197212/small.jpg
385536893,2026-07-26,Tanacetum vulgare,vratič obyčajný,Plantae,"076 75 Oborín, Slovensko",48.541893624,21.8965706974,research,1,Vladimir Hemala,https://www.inaturalist.org/observations/385536893?locale=sk,https://inaturalist-open-data.s3.amazonaws.com/photos/705821277/small.jpg
385539640,2026-07-26,Artemisia vulgaris,palina obyčajná,Plantae,"076 75 Oborín, Slovensko",48.5418543341,21.8966558576,needs_id,0,Vladimir Hemala,https://www.inaturalist.org/observations/385539640?locale=sk,https://inaturalist-open-data.s3.amazonaws.com/photos/705827072/small.jpg
385540269,2026-07-26,Polyporales,,Fungi,"Oborín 1, 076 75 Oborín, Slovensko",48.5435746281,21.8939119577,needs_id,0,Vladimir Hemala,https://www.inaturalist.org/observations/385540269?locale=sk,https://inaturalist-open-data.s3.amazonaws.com/photos/705827883/small.jpg
385540751,2026-07-26,Polyporales,,Fungi,"Oborín 1, 076 75 Oborín, Slovensko",48.5435231311,21.8939112872,needs_id,0,Vladimir Hemala,https://www.inaturalist.org/observations/385540751?locale=sk,https://inaturalist-open-data.s3.amazonaws.com/photos/705828699/small.jpg
385326323,2026-07-26,Omocestus rufipes,koník trojfarebný,Insecta,"Čierna, Košice, SK",48.4361927706,22.1162389778,research,1,Martin Lukáň,https://www.inaturalist.org/observations/385326323?locale=sk,https://inaturalist-open-data.s3.amazonaws.com/photos/705410867/small.jpg
385323899,2026-07-26,Tettigonia viridissima,Kobylka zelená,Insecta,"Boťany, Košice, SK",48.4544903084,22.1233054029,research,1,Martin Lukáň,https://www.inaturalist.org/observations/385323899?locale=sk,https://inaturalist-open-data.s3.amazonaws.com/photos/705406495/small.jpg
386181968,2026-07-26,Omocestus rufipes,koník trojfarebný,Insecta,"076 72 Beša, Slovensko",48.5260933333,21.9579383333,research,1,Benjamín Jarčuška,https://www.inaturalist.org/observations/386181968?locale=sk,https://static.inaturalist.org/photos/707061720/small.jpg
386182087,2026-07-26,Euchorthippus pulvinatus,koník žltý,Insecta,"076 72 Beša, Slovensko",48.5244266667,21.9664583333,research,1,Benjamín Jarčuška,https://www.inaturalist.org/observations/386182087?locale=sk,https://static.inaturalist.org/photos/707061869/small.jpg
386182130,2026-07-26,Dociostaurus brevicollis,koník juhovýchodný,Insecta,"076 72 Beša, Slovensko",48.524715,21.9667116667,research,1,Benjamín Jarčuška,https://www.inaturalist.org/observations/386182130?locale=sk,https://static.inaturalist.org/photos/707061939/small.jpg
385524729,2026-07-26,Dociostaurus brevicollis,koník juhovýchodný,Insecta,"076 72 Beša, Slovensko",48.524715,21.9667116667,research,1,Benjamín Jarčuška,https://www.inaturalist.org/observations/385524729?locale=sk,https://static.inaturalist.org/photos/705798193/small.jpg
385319340,2026-07-26,Zootoca vivipara pannonica,,Reptilia,Slovakia,48.4098877306,22.0698755692,needs_id,0,Martin Lukáň,https://www.inaturalist.org/observations/385319340?locale=sk,https://inaturalist-open-data.s3.amazonaws.com/photos/705398806/small.jpg
385541111,2026-07-26,Pyrrhocoris apterus,Cifruša Bezkrídla,Insecta,"Klin nad Bodrogom 35, 076 31 Klin nad Bodrogom, Slovensko",48.3847659612,21.7212021723,research,1,Vladimir Hemala,https://www.inaturalist.org/observations/385541111?locale=sk,https://inaturalist-open-data.s3.amazonaws.com/photos/705829557/small.jpg
386182666,2026-07-26,Pseudochorthippus parallelus,koník dlhotykadlový,Insecta,"076 72 Beša, Slovensko",48.5280316667,21.9554216667,research,1,Benjamín Jarčuška,https://www.inaturalist.org/observations/386182666?locale=sk,https://static.inaturalist.org/photos/707062925/small.jpg
385220694,2026-07-26,Nuphar lutea,leknica žltá,Plantae,"Somotorský kanál, Streda nad Bodrogom, Košický kraj, SK",48.39288,21.77053,needs_id,0,Ludka Reiterova,https://www.inaturalist.org/observations/385220694?locale=sk,https://inaturalist-open-data.s3.amazonaws.com/photos/705232768/small.jpg
386182756,2026-07-26,Chorthippus dichrous,koník nížinný,Insecta,"076 72 Beša, Slovensko",48.5300766667,21.9555616667,research,1,Benjamín Jarčuška,https://www.inaturalist.org/observations/386182756?locale=sk,https://static.inaturalist.org/photos/707063061/small.jpg
386182842,2026-07-26,Aiolopus thalassinus,koník štíhly,Insecta,"076 72 Beša, Slovensko",48.5309066667,21.9562866667,research,1,Benjamín Jarčuška,https://www.inaturalist.org/observations/386182842?locale=sk,https://static.inaturalist.org/photos/707063241/small.jpg
385180497,2026-07-26,Harmonia axyridis,lienka východná,Insecta,"9QVC+67, 076 31 Streda nad Bodrogom, Slovensko",48.3930691395,21.7706681415,research,1,Vladimir Hemala,https://www.inaturalist.org/observations/385180497?locale=sk,https://inaturalist-open-data.s3.amazonaws.com/photos/705154860/small.jpg
385182036,2026-07-26,Sambucus ebulus,baza chabzdová,Plantae,"Bara 52, 076 32 Bara, Slovensko",48.4209250804,21.7378442734,needs_id,0,Vladimir Hemala,https://www.inaturalist.org/observations/385182036?locale=sk,https://inaturalist-open-data.s3.amazonaws.com/photos/705157654/small.jpg
